단지코드,총세대수,지역,공가수,도보 10분거리 내 지하철역 수(환승노선 수 반영),도보 10분거리 내 버스정류장 수,단지내주차면수,등록차량수,상가수,자격유형_major,공급유형_major,전용면적별세대수합,전용면적별세대수합_myhome,입주후기간(월),단지명,주소,총입주민수,준공후기간(월),차량미보유세대수,임대료,임대보증금,소형세대,중형세대,대형세대,전용면적,아파트수,차량보유인구비율,차량미보유세대비율
C2515,545,경상남도,17.0,0.0,3.0,624.0,205.0,0.0,A,국민임대,545,545,,미수휴먼시아,경상남도 통영시 미우지해안로 107,1196.0,133.0,0.0,119432.0,14035965.0,0.653211009174312,0.3467889908256881,0.0,39.0,7,0.4007868525896411,0.0
C1407,1216,대전광역시,13.0,1.0,1.0,1285.0,1064.0,0.0,A,국민임대,1216,1216,128.0,도안 휴먼시아 4단지,대전광역시 유성구 상대로 40,2886.0,128.0,0.0,171133.0,27604983.0,0.3207236842105263,0.6792763157894737,0.0,40.0,11,0.4171733404019149,0.0
C1945,755,경기도,6.0,1.0,3.0,734.0,730.0,0.0,B,국민임대,755,755,130.0,호평마을 주공휴먼시아,경기도 남양주시 늘을3로 8,2069.0,131.0,0.0,187414.0,22449146.0,0.31788079470198677,0.6821192052980133,0.0,50.0,6,0.42587549369457867,0.0
C1470,696,전라북도,14.0,0.0,2.0,645.0,553.0,0.0,A,국민임대,696,696,,장신휴먼시아1단지,전라북도 익산시 오산면 선화로4길 66,1751.0,129.0,0.0,125448.0,19393988.0,0.3649425287356322,0.6350574712643678,0.0,44.0,4,0.3846965003624857,0.0
C1898,566,전라북도,9.0,0.0,6.0,517.0,415.0,0.0,A,국민임대,566,566,,장신휴먼시아2단지,전라북도 익산시 오산면 선화로4길 24-9,1366.0,129.0,0.0,119608.0,17573065.0,0.4787985865724382,0.5212014134275619,0.0,43.0,6,0.3846965003624857,0.0
C1244,1722,경기도,10.0,0.0,10.0,1483.0,1804.0,0.0,A,국민임대,1722,1722,86.0,백현마을 3단지,경기도 성남시 분당구 동판교로 92,4959.0,86.0,0.0,265754.0,38710689.0,0.45760743321718933,0.5423925667828107,0.0,44.0,13,0.42587549369457867,0.0
C1171,624,대전광역시,13.0,0.0,5.0,634.0,700.0,0.0,A,국민임대,624,624,109.0,LH대전노은3지구4단지,대전광역시 유성구 지족로148번길 40,1287.0,109.0,0.0,158131.0,27334879.0,0.5673076923076923,0.4326923076923077,0.0,42.0,12,0.4171733404019149,0.0
C2073,361,강원도,13.0,0.0,5.0,288.0,301.0,0.0,A,국민임대,361,361,,횡성휴먼시아,강원도 횡성군 횡성읍 앞들서2로 34,944.0,119.0,0.0,185595.0,14957110.0,0.46537396121883656,0.5346260387811634,0.0,45.0,6,0.40053650767038274,0.0
C2513,754,광주광역시,15.0,0.0,6.0,530.0,820.0,0.0,A,국민임대,754,754,,광주백운 휴먼시아3단지,광주광역시 남구 백운로 100,2076.0,121.0,0.0,192249.0,32442999.0,0.0,1.0,0.0,52.0,3,0.41754416938850125,0.0
C1936,240,광주광역시,8.0,0.0,10.0,168.0,234.0,0.0,A,국민임대,240,240,,광주백운 휴먼시아2단지,광주광역시 남구 독립로80번길 8,703.0,117.0,0.0,192250.0,32443000.0,0.0,1.0,0.0,52.0,4,0.41754416938850125,0.0
C2049,688,강원도,0.0,0.0,5.0,631.0,841.0,0.0,A,국민임대,688,688,230.0,강릉교동 주공2차아파트,강원도 강릉시 가작로 85,1848.0,231.0,0.0,88355.0,15868906.0,0.0,1.0,0.0,53.0,3,0.40053650767038274,0.0
C2202,623,강원도,0.0,0.0,2.0,222.0,226.0,0.0,A,공공임대(50년),623,623,,강릉송정주공아파트,강원도 강릉시 하평길 55,1343.0,310.0,0.0,156850.0,10619874.0,0.14285714285714285,0.8571428571428571,0.0,43.0,3,0.40053650767038274,0.0
C1925,601,강원도,9.0,0.0,4.0,117.0,75.0,4.0,C,영구임대,596,596,319.0,입암주공3단지아파트,강원도 강릉시 강변로 510,802.0,319.0,596.0,137655.0,8613000.0,0.9916805324459235,0.0,0.0,29.0,2,0.40053650767038274,0.9916805324459235
C2576,405,경상남도,19.0,0.0,4.0,296.0,73.0,0.0,A,국민임대,405,405,,거제장평 주공3단지아파트,경상남도 거제시 장평2로 36,1368.0,157.0,0.0,178508.0,21438647.0,0.0,1.0,0.0,50.0,2,0.4007868525896411,0.0
C1312,518,충청남도,12.0,0.0,3.0,527.0,359.0,0.0,A,국민임대,517,517,26.0,신관주공6단지,충청남도 공주시 관골2길 36,1468.0,143.0,0.0,133601.0,21650738.0,0.2876447876447876,0.7104247104247104,0.0,43.0,4,0.4115356667900572,0.0
C1874,619,충청남도,2.0,0.0,2.0,97.0,62.0,27.0,C,영구임대,592,592,337.0,공주옥룡주공1차아파트,충청남도 공주시 우금티로 709-12,868.0,338.0,592.0,73202.0,3289497.0,0.9563812600969306,0.0,0.0,28.0,3,0.4115356667900572,0.9563812600969306
C2650,875,부산광역시,13.0,0.0,4.0,616.0,159.0,0.0,A,국민임대,875,875,,기장교리 주공아파트,부산광역시 기장군 기장읍 차성로397번길 7,1696.0,211.0,0.0,118267.0,12507840.0,0.6365714285714286,0.36342857142857143,0.0,39.0,3,0.3727848992815887,0.0
C2416,560,경상남도,0.0,0.0,5.0,154.0,63.0,8.0,C,영구임대,552,552,344.0,김해구산주공1단지아파트,경상남도 김해시 가락로 222,999.0,346.0,552.0,73639.0,3309479.0,0.9857142857142858,0.0,0.0,28.0,2,0.4007868525896411,0.9857142857142858
C2013,595,경상남도,3.0,0.0,3.0,509.0,91.0,0.0,A,국민임대,594,594,225.0,젤미마을 주공2단지,경상남도 김해시 능동로 76,1186.0,226.0,0.0,40875.0,15565262.0,0.5495798319327732,0.44873949579831934,0.0,41.0,3,0.4007868525896411,0.0
C1424,625,대전광역시,2.0,0.0,7.0,517.0,179.0,0.0,A,공공임대(50년),624,624,,구봉마을8-2단지,대전광역시 서구 관저로 84,1481.0,272.0,0.0,213882.0,18019061.0,0.4288,0.5696,0.0,46.0,3,0.4171733404019149,0.0
C2100,880,대전광역시,4.0,0.0,5.0,736.0,671.0,0.0,A,국민임대,880,880,40.0,느리울마을아파트 13단지,대전광역시 서구 관저동로 42,2650.0,225.0,0.0,94533.0,23638114.0,0.0,1.0,0.0,54.0,6,0.4171733404019149,0.0
C2621,1396,대전광역시,26.0,1.0,4.0,277.0,133.0,10.0,C,영구임대,1386,1386,,대전둔산3,대전광역시 서구 월평북로 13,2512.8,337.0,1386.0,84189.0,6091479.0,0.9806590257879656,0.012177650429799427,0.0,27.0,8,0.4171733404019149,0.9928366762177651
C2520,970,대전광역시,2.0,0.0,2.0,420.0,386.0,0.0,A,공공임대(50년),960,960,322.0,대전문화주공1단지,대전광역시 중구 보문산로161번길 55,1954.0,322.0,0.0,177500.0,13155000.0,0.9896907216494846,0.0,0.0,40.0,1,0.4171733404019149,0.0
C2319,606,대전광역시,1.0,1.0,12.0,548.0,266.0,0.0,A,국민임대,605,605,,대전반석마을4단지,대전광역시 유성구 반석로 46,1908.0,203.0,0.0,252962.0,18541277.0,0.0,0.9983498349834984,0.0,54.0,4,0.4171733404019149,0.0
C1616,1507,대전광역시,1.0,0.0,2.0,407.0,98.0,19.0,C,영구임대,1488,1488,367.0,법동 주공아파트3단지,대전광역시 대덕구 계족로663번길 34,2498.0,368.0,1488.0,68842.0,20708068.0,0.6887856668878567,0.298606502986065,0.0,31.0,3,0.4171733404019149,0.9873921698739216
C1704,639,대전광역시,34.0,0.0,7.0,162.0,131.0,15.0,C,영구임대,624,624,367.0,대전산내주공아파트,대전광역시 동구 산내로 1352-25,874.0,368.0,624.0,119984.0,8682212.0,0.9765258215962441,0.0,0.0,40.0,2,0.4171733404019149,0.9765258215962441
C2258,965,대전광역시,13.0,0.0,3.0,287.0,78.0,17.0,C,영구임대,948,948,356.0,중촌주공2단지,대전광역시 중구 대전천서로 695,1587.0,357.0,948.0,90864.0,6574405.0,0.7958549222797927,0.18652849740932642,0.0,30.0,3,0.4171733404019149,0.9823834196891191
C1032,946,대전광역시,6.0,1.0,2.0,986.0,316.0,0.0,A,국민임대,946,946,,천동휴먼시아1단지,대전광역시 동구 대전로542번길 78,3012.0,152.0,0.0,202453.0,30672146.0,0.07188160676532769,0.9281183932346723,0.0,55.0,6,0.4171733404019149,0.0
C2038,785,대전광역시,7.0,1.0,10.0,150.0,108.0,17.0,C,영구임대,768,768,359.0,대전판암3,대전광역시 동구 옥천로 152-9,1138.0,359.0,768.0,86698.0,6272977.0,0.8636942675159236,0.11464968152866242,0.0,29.0,3,0.4171733404019149,0.978343949044586
C1859,2424,대전광역시,1.0,1.0,4.0,487.0,116.0,35.0,C,영구임대,2389,2389,,대전판암4,대전광역시 동구 동부로 56-7,2942.0,347.0,2389.0,83854.0,6067272.0,0.9748349834983498,0.010726072607260726,0.0,28.0,5,0.4171733404019149,0.9855610561056105
C1722,809,강원도,1.0,0.0,6.0,264.0,649.0,6.0,A,공공임대(50년),803,803,319.0,동해천곡 주공5차,강원도 동해시 동굴로 15,1593.0,319.0,298.0,184305.0,10972399.0,0.4783683559950556,0.5142150803461063,0.0,41.0,5,0.40053650767038274,0.3683559950556242
C1850,388,경상남도,0.0,0.0,4.0,226.0,254.0,0.0,A,공공임대(50년),385,385,277.0,삼계 주공2단지아파트,경상남도 창원시 마산회원구 내서읍 삼계2길 24,1020.0,277.0,0.0,237051.0,13771189.0,0.22938144329896906,0.7628865979381443,0.0,47.0,3,0.4007868525896411,0.0
C2190,1013,경상남도,7.0,0.0,2.0,178.0,129.0,17.0,C,영구임대,996,996,335.0,중리주공1단지아파트,경상남도 창원시 마산회원구 내서읍 상곡로 49,1536.0,337.0,996.0,71864.0,3229263.0,0.983218163869694,0.0,0.0,27.0,4,0.4007868525896411,0.983218163869694
C1476,453,경상남도,6.0,0.0,5.0,107.0,70.0,6.0,C,영구임대,447,447,314.0,밀양가곡1,경상남도 밀양시 중앙로 47,592.0,316.0,447.0,127466.0,8509000.0,0.9867549668874173,0.0,0.0,28.0,2,0.4007868525896411,0.9867549668874173
C1077,861,경상남도,21.0,0.0,5.0,612.0,236.0,0.0,A,국민임대,861,861,141.0,밀양삼문휴먼시아아파트,경상남도 밀양시 미리벌중앙로 35,2306.0,141.0,0.0,142779.0,19147335.0,0.29965156794425085,0.7003484320557491,0.0,46.0,3,0.4007868525896411,0.0
C1068,806,충청남도,11.0,0.0,2.0,804.0,510.0,0.0,A,국민임대,805,805,36.0,보령동대 휴먼시아4단지,충청남도 보령시 한내로터리길 92,2061.0,148.0,0.0,126183.0,15117362.0,0.4094292803970223,0.5893300248138957,0.0,42.0,6,0.4115356667900572,0.0
C1983,903,충청남도,3.0,0.0,4.0,200.0,253.0,10.0,C,영구임대,893,893,320.0,명천주공2단지,충청남도 보령시 주공로 50,1419.0,320.0,577.0,133887.0,8972099.0,0.9889258028792912,0.0,0.0,30.0,5,0.4115356667900572,0.6389811738648948
C2135,1116,부산광역시,10.0,1.0,3.0,262.0,127.0,17.0,C,영구임대,1099,1099,322.0,부산금곡주공1단지,부산광역시 북구 효열로 268,1560.0,326.0,1099.0,129787.0,9903549.0,0.9847670250896058,0.0,0.0,29.0,3,0.3727848992815887,0.9847670250896058
C2034,1486,부산광역시,2.0,1.0,3.0,405.0,132.0,26.0,C,영구임대,1460,1460,322.0,부산금곡주공2단지,부산광역시 북구 금곡대로616번길 10-9,2003.0,324.0,1460.0,131161.0,10041154.0,0.9825033647375505,0.0,0.0,29.0,3,0.3727848992815887,0.9825033647375505
C1109,1957,부산광역시,1.0,1.0,2.0,351.0,313.0,20.0,C,영구임대,1937,1937,322.0,부산금곡주공4단지,부산광역시 북구 효열로 76,2738.0,325.0,1937.0,83444.0,6037615.0,0.9897802759325498,0.0,0.0,27.0,2,0.3727848992815887,0.9897802759325498
C1497,802,부산광역시,7.0,1.0,14.0,375.0,382.0,0.0,A,공공임대(50년),802,802,,부산금곡 주공7단지,부산광역시 북구 금곡대로550번길 23,1609.0,303.0,0.0,168220.0,13220527.0,1.0,0.0,0.0,40.0,2,0.3727848992815887,0.0
C2289,1527,부산광역시,2.0,0.0,3.0,240.0,364.0,20.0,C,영구임대,1507,1507,357.0,덕천주공2단지,부산광역시 북구 덕천로 74,2343.0,357.0,1507.0,85330.0,6173982.0,0.9869024230517355,0.0,0.0,28.0,4,0.3727848992815887,0.9869024230517355
C2597,1005,부산광역시,25.0,0.0,2.0,166.0,94.0,29.0,C,영구임대,976,976,356.0,동삼주공1단지,부산광역시 영도구 동삼북로 2,1329.0,356.0,976.0,83656.0,6052936.0,0.9711442786069652,0.0,0.0,28.0,3,0.3727848992815887,0.9711442786069652
C2310,1988,부산광역시,1.0,0.0,2.0,217.0,189.0,20.0,C,영구임대,1968,1968,333.0,동삼주공2단지,부산광역시 영도구 상리로 1,2880.0,333.0,1968.0,82254.0,5951445.0,0.9899396378269618,0.0,0.0,27.0,3,0.3727848992815887,0.9899396378269618
C1672,1350,부산광역시,15.0,0.0,1.0,1043.0,873.0,0.0,A,국민임대,1350,1350,212.0,부산만덕3,부산광역시 북구 함박봉로140번길 21,3723.0,212.0,0.0,224666.0,18310974.0,0.0,1.0,0.0,54.0,2,0.3727848992815887,0.0
C2132,2428,부산광역시,1.0,0.0,1.0,756.0,359.0,43.0,F,영구임대,2385,2385,336.0,모라주공3단지,부산광역시 사상구 모라로192번길 20-21,3754.0,338.0,2385.0,73195.0,4392144.0,0.9822899505766063,0.0,0.0,28.0,4,0.3727848992815887,0.9822899505766063
C1439,1755,부산광역시,29.0,1.0,3.0,270.0,172.0,45.0,C,영구임대,1710,1710,355.0,주공아파트,부산광역시 해운대구 신반송로 200,2456.0,355.0,1710.0,84003.0,6078017.0,0.905982905982906,0.06837606837606838,0.0,28.0,3,0.3727848992815887,0.9743589743589743
C1613,840,부산광역시,7.0,1.0,1.0,594.0,498.0,0.0,A,국민임대,840,840,205.0,율리마을 주공아파트,부산광역시 북구 화명신도시로 255,2367.0,206.0,0.0,265029.0,20892167.0,0.0,1.0,0.0,53.0,3,0.3727848992815887,0.0
C2216,390,충청남도,2.0,0.0,1.0,97.0,149.0,0.0,A,공공임대(50년),390,390,,부여쌍북2단지,충청남도 부여군 부여읍 성왕로328번길 15,846.0,327.0,0.0,132877.0,9443462.0,1.0,0.0,0.0,39.0,2,0.4115356667900572,0.0
C1899,451,경상남도,0.0,0.0,4.0,109.0,31.0,4.0,C,영구임대,447,447,314.0,밀양가곡1,경상남도 밀양시 중앙로 47,592.0,316.0,447.0,121107.0,8072333.0,0.991130820399113,0.0,0.0,28.0,2,0.4007868525896411,0.991130820399113
C1056,410,제주특별자치도,0.0,0.0,10.0,120.0,125.0,10.0,C,영구임대,400,400,338.0,동홍 주공3단지,제주특별자치도 서귀포시 태평로512번길 9,668.0,339.0,400.0,75310.0,3384500.0,0.975609756097561,0.0,0.0,28.0,2,0.3765596236449168,0.975609756097561
C2644,779,충청남도,7.0,0.0,12.0,190.0,177.0,3.0,C,영구임대,775,775,38.0,석림주공3단지,충청남도 서산시 석림4로 83,1247.0,313.0,388.0,144439.0,10279439.0,0.9948652118100129,0.0,0.0,31.0,4,0.4115356667900572,0.4980744544287548
C1206,755,강원도,1.0,0.0,4.0,88.0,90.0,10.0,C,영구임대,478,478,332.0,속초청초주공아파트,강원도 속초시 먹거리길 17,722.0,333.0,478.0,76460.0,3436000.0,0.633112582781457,0.0,0.0,29.0,2,0.40053650767038274,0.633112582781457
C2481,693,울산광역시,2.0,0.0,2.0,486.0,302.0,0.0,A,국민임대,693,693,211.0,울산교동주공아파트,울산광역시 울주군 삼남읍 봉화마을길 9,1247.4,211.0,0.0,84118.0,11898549.0,0.6277056277056277,0.3722943722943723,0.0,40.0,3,0.38280531639220905,0.0
C1718,753,울산광역시,23.0,0.0,2.0,682.0,496.0,0.0,A,국민임대,753,753,147.0,화봉휴먼시아2단지,울산광역시 북구 화산로 36,2135.0,151.0,0.0,202764.0,26208961.0,0.0,1.0,0.0,48.0,2,0.38280531639220905,0.0
C1655,498,강원도,23.0,0.0,6.0,402.0,236.0,0.0,A,국민임대,498,498,151.0,원주문막주공아파트,강원도 원주시 문막읍 원문로 1684,1147.0,152.0,0.0,137988.0,19938417.0,0.17670682730923695,0.8232931726907631,0.0,47.0,4,0.40053650767038274,0.0
C1430,1533,부산광역시,32.0,0.0,3.0,1296.0,839.0,0.0,A,국민임대,1533,1533,151.0,정관신도시휴먼시아1단지,부산광역시 기장군 정관읍 정관4로 23,4801.0,151.0,0.0,195516.0,33244650.0,0.0,1.0,0.0,58.0,4,0.3727848992815887,0.0
C1775,711,제주특별자치도,5.0,0.0,8.0,131.0,96.0,15.0,C,영구임대,696,696,21.0,제주아라주공아파트,제주특별자치도 제주시 인다12길 2,553.0,351.0,696.0,80447.0,4333586.0,0.9789029535864979,0.0,0.0,29.0,2,0.3765596236449168,0.9789029535864979
C1519,420,제주특별자치도,0.0,0.0,0.0,393.0,235.0,0.0,A,국민임대,420,420,19.0,제주으뜸마을,제주특별자치도 제주시 진군1길 3,962.0,237.0,0.0,91552.0,15199600.0,0.6,0.4,0.0,40.0,2,0.3765596236449168,0.0
C2221,590,제주특별자치도,1.0,0.0,3.0,376.0,359.0,0.0,A,공공임대(50년),590,590,,제주화북 주공3단지,제주특별자치도 제주시 동화로1길 35,1608.0,283.0,0.0,246647.0,15403887.0,0.0,1.0,0.0,49.0,8,0.3765596236449168,0.0
C1790,657,경상남도,2.0,0.0,4.0,166.0,120.0,30.0,C,영구임대,627,627,,진주가좌주공아파트,경상남도 진주시 가호로 26,943.0,337.0,627.0,78019.0,3506103.0,0.954337899543379,0.0,0.0,29.0,3,0.4007868525896411,0.954337899543379
C2109,495,경상남도,2.0,0.0,4.0,117.0,60.0,15.0,C,영구임대,480,480,,진주평거 주공2단지,경상남도 진주시 진양호로125번길 6,742.0,356.0,480.0,74212.0,3335200.0,0.9696969696969697,0.0,0.0,28.0,2,0.4007868525896411,0.9696969696969697
C1698,460,경상남도,1.0,0.0,3.0,155.0,65.0,4.0,C,영구임대,456,456,322.0,진해자은주공아파트,경상남도 창원시 진해구 진해대로901번길 11,722.0,323.0,456.0,162029.0,12864000.0,0.991304347826087,0.0,0.0,38.0,4,0.4007868525896411,0.991304347826087
C1866,338,경상남도,1.0,0.0,3.0,235.0,135.0,0.0,A,국민임대,338,338,,창녕주공아파트,경상남도 창녕군 창녕읍 말흘5길 33,815.0,166.0,0.0,87776.0,10605695.0,0.6834319526627219,0.3165680473372781,0.0,40.0,4,0.4007868525896411,0.0
C1005,1144,충청남도,16.0,0.0,8.0,950.0,376.0,0.0,A,국민임대,1144,1144,,백석주공그린빌3차,충청남도 천안시 서북구 백석3로 70,3369.0,223.0,0.0,217780.0,16818112.0,0.0,1.0,0.0,54.0,3,0.4115356667900572,0.0
C1004,521,충청남도,3.0,0.0,2.0,153.0,93.0,17.0,C,영구임대,504,504,326.0,주공6단지2차아파트,충청남도 천안시 서북구 쌍용대로 289-28,866.0,370.0,504.0,104720.0,4706095.0,0.9673704414587332,0.0,0.0,40.0,2,0.4115356667900572,0.9673704414587332
C1875,1003,충청남도,5.0,0.0,8.0,192.0,209.0,19.0,C,영구임대,984,984,,쌍용주공7단지1차아파트,충청남도 천안시 서북구 쌍용11길 57,1553.0,326.0,984.0,71887.0,3230339.0,0.9810568295114656,0.0,0.0,27.0,3,0.4115356667900572,0.9810568295114656
C2156,306,충청남도,0.0,0.0,1.0,246.0,204.0,0.0,A,국민임대,305,305,,청양읍내2휴먼시아,충청남도 청양군 청양읍 고리섬들길 53,712.0,139.0,0.0,94432.0,12020574.0,0.7843137254901961,0.21241830065359477,0.0,41.0,3,0.4115356667900572,0.0
C2212,697,강원도,0.0,0.0,4.0,128.0,86.0,11.0,C,영구임대,686,686,332.0,석사주공3단지아파트,강원도 춘천시 후석로228번길 47,960.0,333.0,686.0,82806.0,4460157.0,0.9842180774748924,0.0,0.0,29.0,3,0.40053650767038274,0.9842180774748924
C2401,213,강원도,21.0,0.0,3.0,164.0,19.0,0.0,A,국민임대,213,213,153.0,철암주공아파트,강원도 태백시 삼방길 40,305.0,155.0,0.0,77555.0,35984498.0,0.3051643192488263,0.6948356807511737,0.0,47.0,3,0.40053650767038274,0.0
C2571,481,경상남도,5.0,0.0,1.0,65.0,62.0,13.0,C,영구임대,468,468,336.0,통영도남주공아파트,경상남도 통영시 발개로 153,650.0,336.0,468.0,68000.0,3056000.0,0.972972972972973,0.0,0.0,26.0,1,0.4007868525896411,0.972972972972973
C1175,468,충청남도,15.0,0.0,2.0,477.0,430.0,0.0,A,국민임대,468,468,36.0,홍성남장2 주공아파트,충청남도 홍성군 홍성읍 문화로72번길 72,1507.0,156.0,0.0,163794.0,27292846.0,0.0,1.0,0.0,53.0,3,0.4115356667900572,0.0
C1833,1364,제주특별자치도,19.0,0.0,5.0,1505.0,1001.0,0.0,A,국민임대,1364,1364,126.0,제주삼화 휴먼시아1단지,제주특별자치도 제주시 화삼북로2길 12,3412.0,125.0,0.0,143405.0,16522578.0,0.5879765395894428,0.4120234604105572,0.0,41.0,7,0.3765596236449168,0.0
C2445,800,충청북도,16.0,0.0,4.0,671.0,334.0,0.0,A,국민임대,800,800,,강저휴먼시아3단지,충청북도 제천시 청풍호로10길 18,1730.0,129.0,0.0,112428.0,12285916.0,0.6525,0.3475,0.0,42.0,6,0.4093640981700224,0.0
C1885,830,전라남도,14.0,0.0,4.0,802.0,616.0,0.0,A,국민임대,830,830,,여수죽림휴먼시아1단지,전라남도 여수시 소라면 덕양로 97-9,1877.0,127.0,0.0,118225.0,18263600.0,0.6,0.4,0.0,41.0,8,0.4056767907739719,0.0
C2368,775,전라남도,10.0,0.0,4.0,738.0,548.0,0.0,A,국민임대,775,775,127.0,여수죽림휴먼시아2차,전라남도 여수시 소라면 죽림로 38,1776.0,127.0,0.0,133120.0,19705600.0,0.6,0.4,0.0,43.0,8,0.4056767907739719,0.0
C2016,261,충청북도,15.0,0.0,2.0,198.0,220.0,0.0,A,국민임대,261,261,,음성맹동휴먼시아,충청북도 음성군 맹동면 대동로 26,472.0,126.0,0.0,104317.0,12291490.0,0.4904214559386973,0.5095785440613027,0.0,42.0,4,0.4093640981700224,0.0
C2371,474,경상북도,20.0,0.0,1.0,374.0,451.0,0.0,A,국민임대,474,474,123.0,고령다산휴먼시아 3단지,경상북도 고령군 다산면 평리6길 30,909.0,128.0,0.0,89569.0,13528355.0,0.5569620253164557,0.4430379746835443,0.0,41.0,8,0.3953120921094209,0.0
C2536,72,전라북도,7.0,0.0,1.0,54.0,47.0,0.0,A,국민임대,72,72,113.0,순창풍산 휴먼시아,전라북도 순창군 풍산면 풍산로 499,120.0,127.0,0.0,58803.0,10586666.0,0.6666666666666666,0.3333333333333333,0.0,38.0,3,0.3846965003624857,0.0
C2538,1473,경기도,13.0,0.0,3.0,1299.0,799.0,0.0,G,국민임대,1473,1473,,부천범박 휴먼시아1단지,경기도 부천시 양지로 20,3241.0,122.0,0.0,265972.0,24869842.0,0.6069246435845214,0.39307535641547864,0.0,38.0,19,0.42587549369457867,0.0
C1014,996,전라북도,5.0,0.0,2.0,823.0,708.0,0.0,A,국민임대,996,996,,남원금동2 휴먼시아,전라북도 남원시 가방뜰길 57,2362.0,125.0,0.0,148407.0,17621345.0,0.5180722891566265,0.4819277108433735,0.0,42.0,7,0.3846965003624857,0.0
C1592,870,강원도,13.0,0.0,5.0,763.0,739.0,0.0,A,국민임대,870,870,113.0,원주무실 주공8단지,강원도 원주시 무실로 300,1677.0,130.0,0.0,202791.0,15672794.0,0.6068965517241379,0.3931034482758621,0.0,42.0,7,0.40053650767038274,0.0
C1867,678,경상남도,26.0,0.0,2.0,579.0,374.0,0.0,A,국민임대,678,678,,사천용현휴먼시아아파트,경상남도 사천시 용현면 진삼로 580,1387.0,127.0,0.0,123896.0,13177876.0,0.6696165191740413,0.3303834808259587,0.0,42.0,6,0.4007868525896411,0.0
C2326,632,충청북도,15.0,0.0,4.0,478.0,557.0,0.0,A,국민임대,632,632,121.0,진천벽암 휴먼시아,충청북도 진천군 진천읍 문화로 237-19,1340.0,121.0,0.0,119864.0,13887814.0,0.7246835443037974,0.27531645569620256,0.0,42.0,5,0.4093640981700224,0.0
C1015,961,부산광역시,28.0,0.0,3.0,928.0,579.0,0.0,A,국민임대,961,961,117.0,부산지사휴먼시아,부산광역시 강서구 과학산단2로20번길 35,1893.0,118.0,0.0,121311.0,13812204.0,0.49427679500520294,0.5057232049947971,0.0,43.0,8,0.3727848992815887,0.0
C1620,1232,광주광역시,22.0,0.0,4.0,1181.0,1101.0,0.0,A,국민임대,1232,1232,,첨단휴먼시아1단지,광주광역시 북구 첨단연신로 250,2640.0,126.0,0.0,112041.0,19700844.0,0.575487012987013,0.424512987012987,0.0,41.0,5,0.41754416938850125,0.0
C1049,676,광주광역시,18.0,0.0,3.0,658.0,762.0,0.0,A,국민임대,676,676,,첨단휴먼시아2단지,광주광역시 북구 첨단연신로 245,1450.0,126.0,0.0,126324.0,22252417.0,0.5754437869822485,0.4245562130177515,0.0,43.0,5,0.41754416938850125,0.0
C2000,1300,경상남도,21.0,0.0,2.0,1082.0,795.0,0.0,A,국민임대,1300,1300,,양산금산휴먼시아,경상남도 양산시 동면 금산2길 12,3007.0,122.0,0.0,151116.0,17544400.0,0.34615384615384615,0.6538461538461539,0.0,45.0,7,0.4007868525896411,0.0
C2097,998,경상북도,29.0,0.0,2.0,1240.0,995.0,0.0,A,국민임대,998,998,,구미옥계 휴먼시아2단지,경상북도 구미시 옥계북로 43-52,2177.0,120.0,0.0,91820.0,39134498.0,0.5521042084168337,0.44789579158316634,0.0,42.0,7,0.3953120921094209,0.0
C1668,493,전라남도,7.0,0.0,4.0,421.0,288.0,0.0,A,국민임대,493,493,122.0,무안성내휴먼시아,전라남도 무안군 무안읍 공항로 75-9,1248.0,122.0,0.0,106653.0,13433200.0,0.4482758620689655,0.5517241379310345,0.0,44.0,7,0.4056767907739719,0.0
C1689,1117,경기도,4.0,1.0,3.0,985.0,960.0,0.0,A,국민임대,1117,1117,115.0,광교마을 41단지,경기도 용인시 수지구 광교마을로 90,2414.0,116.0,0.0,226816.0,33857211.0,0.5640107430617726,0.4359892569382274,0.0,40.0,10,0.42587549369457867,0.0
C1234,307,강원도,1.0,0.0,2.0,219.0,311.0,0.0,A,국민임대,307,307,181.0,강릉회산주공아파트,강원도 강릉시 강변로 94,864.0,181.0,0.0,149183.0,22938951.0,0.0,1.0,0.0,54.0,2,0.40053650767038274,0.0
C2514,501,경상남도,10.0,0.0,1.0,405.0,648.0,0.0,A,국민임대,501,501,,거창소만 주공아파트,경상남도 거창군 거창읍 소만2길 62,1485.0,167.0,0.0,151049.0,15680109.0,0.0,1.0,0.0,51.0,6,0.4007868525896411,0.0
C1368,896,경상북도,29.0,0.0,10.0,900.0,861.0,0.0,A,국민임대,896,896,144.0,경산사동 휴먼시아 1단지,경상북도 경산시 백자로10길 57,2424.0,144.0,0.0,172257.0,20302005.0,0.19642857142857142,0.8035714285714286,0.0,48.0,4,0.3953120921094209,0.0
C1057,521,경상북도,24.0,0.0,4.0,521.0,521.0,0.0,A,국민임대,521,521,,경산사동 휴먼시아 2단지,경상북도 경산시 솔숲길 100,1327.0,147.0,0.0,165445.0,19493574.0,0.2571976967370441,0.7428023032629558,0.0,47.0,4,0.3953120921094209,0.0
C2336,458,경상북도,13.0,0.0,2.0,399.0,562.0,0.0,A,국민임대,458,458,151.0,경산진량휴먼시아,경상북도 경산시 진량읍 금호강변로 830-3,1133.0,151.0,0.0,131887.0,19397978.0,0.37554585152838427,0.6244541484716157,0.0,46.0,7,0.3953120921094209,0.0
C1026,290,경상북도,10.0,0.0,2.0,205.0,422.0,0.0,A,국민임대,290,290,185.0,고령다산주공1차아파트,경상북도 고령군 다산면 상곡길 28,841.0,187.0,0.0,106214.0,23840587.0,0.0,1.0,0.0,55.0,2,0.3953120921094209,0.0
C2256,409,경상남도,7.0,0.0,1.0,316.0,344.0,0.0,A,국민임대,409,409,,고성동외 주공아파트,경상남도 고성군 고성읍 동외로47번길 12,942.0,146.0,0.0,111313.0,12630684.0,0.5354523227383863,0.46454767726161367,0.0,40.0,5,0.4007868525896411,0.0
C1900,586,전라북도,2.0,0.0,2.0,472.0,596.0,0.0,A,국민임대,586,586,,고창읍내 휴먼시아,전라북도 고창군 고창읍 성산로 19,1589.0,142.0,0.0,99596.0,15427174.0,0.40273037542662116,0.5972696245733788,0.0,46.0,8,0.3846965003624857,0.0
C2666,1084,부산광역시,23.0,0.0,1.0,837.0,701.0,0.0,A,국민임대,1084,1084,137.0,고촌휴먼시아1단지,부산광역시 기장군 철마면 고촌로44번길 16,2145.0,141.0,0.0,135930.0,19226423.0,0.4225092250922509,0.577490774907749,0.0,43.0,6,0.3727848992815887,0.0
C2361,1174,경기도,9.0,0.0,4.0,1026.0,1117.0,0.0,H,국민임대,1174,1174,,광명소하 휴먼시아6단지,경기도 광명시 소하로 161,3131.0,131.93053278157237,0.0,261500.0,37314724.0,0.3594548551959114,0.6405451448040886,0.0,48.0,11,0.42587549369457867,0.0
C1642,270,전라남도,14.0,0.0,6.0,222.0,297.0,0.0,A,국민임대,270,270,171.0,마동주공아파트,전라남도 광양시 진등6길 31,637.0,172.0,0.0,94520.0,15257444.0,0.4444444444444444,0.5555555555555556,0.0,44.0,7,0.4056767907739719,0.0
C1013,1308,광주광역시,16.0,0.0,6.0,1119.0,1665.0,0.0,A,국민임대,1308,1308,,동천마을6단지,광주광역시 서구 하남대로710번길 5,3320.0,178.0,0.0,134092.0,24830898.0,0.22247706422018348,0.7775229357798165,0.0,45.0,5,0.41754416938850125,0.0
C2232,355,광주광역시,13.0,0.0,3.0,354.0,248.0,0.0,A,국민임대,355,355,,송화마을 휴먼시아1단지,광주광역시 남구 효우로60번길 50,911.0,163.0,0.0,162351.0,29255523.0,0.3211267605633803,0.6788732394366197,0.0,49.0,4,0.41754416938850125,0.0
C1973,384,광주광역시,15.0,0.0,3.0,384.0,457.0,0.0,A,국민임대,384,384,,광주송화마을휴먼시아2단지,광주광역시 남구 효우로60번길 37,1198.0,163.0,0.0,197789.0,35304937.0,0.21875,0.78125,0.0,55.0,3,0.41754416938850125,0.0
C2458,853,광주광역시,28.0,0.0,3.0,853.0,910.0,0.0,E,국민임대,853,853,,송화마을 휴먼시아3단지,광주광역시 남구 효우로60번길 10,2438.0,164.0,0.0,84932.0,60961946.0,0.0,1.0,0.0,48.0,7,0.41754416938850125,0.0
C2574,996,광주광역시,14.0,0.0,6.0,895.0,826.0,0.0,A,국민임대,996,996,,아름마을 휴먼시아2단지,광주광역시 광산구 수등로123번길 22,2318.0,146.0,0.0,133266.0,24448795.0,0.4457831325301205,0.5542168674698795,0.0,45.0,9,0.41754416938850125,0.0
C2133,355,광주광역시,10.0,0.0,3.0,330.0,328.0,0.0,A,국민임대,355,355,,장자울마을 휴먼시아5단지,광주광역시 광산구 풍영로145번길 42,908.0,144.0,0.0,138145.0,25442623.0,0.36056338028169016,0.6394366197183099,0.0,45.0,6,0.41754416938850125,0.0
C2096,492,광주광역시,11.0,0.0,2.0,347.0,525.0,0.0,A,국민임대,492,492,,신용주공아파트,광주광역시 북구 연양로7번길 58,1123.0,195.0,0.0,88352.0,15343967.0,0.5040650406504065,0.4959349593495935,0.0,42.0,7,0.41754416938850125,0.0
C2010,861,광주광역시,15.0,0.0,3.0,608.0,690.0,0.0,A,국민임대,861,861,,광주연제,광주광역시 북구 양산제로 110,1869.0,183.0,0.0,93855.0,19087425.0,0.578397212543554,0.42160278745644597,0.0,44.0,5,0.41754416938850125,0.0
C1879,711,광주광역시,12.0,0.0,2.0,573.0,713.0,0.0,A,국민임대,711,711,,광주용두2,광주광역시 북구 하서로483번길 22,2241.0,163.0,0.0,122948.0,22300484.0,0.0,1.0,0.0,50.0,5,0.41754416938850125,0.0
C1131,901,광주광역시,10.0,0.0,7.0,668.0,1019.0,0.0,A,국민임대,901,901,,용봉주공아파트,광주광역시 북구 매곡로 20,2490.0,200.0,0.0,160253.0,19768334.0,0.0,1.0,0.0,53.0,4,0.41754416938850125,0.0
C1468,815,광주광역시,17.0,0.0,1.0,574.0,810.0,0.0,A,국민임대,815,815,,죽림마을,광주광역시 북구 유림로160번길 5,1697.0,172.0,0.0,108935.0,19719720.0,0.6171779141104294,0.38282208588957056,0.0,43.0,5,0.41754416938850125,0.0
C1213,312,전라북도,8.0,0.0,6.0,224.0,148.0,0.0,A,국민임대,312,312,,삼학주공,전라북도 군산시 미원로 61,579.0,189.0,0.0,90358.0,15597047.0,0.5673076923076923,0.4326923076923077,0.0,40.0,6,0.3846965003624857,0.0
C1173,571,충청남도,7.0,0.0,2.0,483.0,609.0,0.0,A,국민임대,571,571,147.0,상리 주공 2단지 아파트,충청남도 금산군 금산읍 비단로 338,1662.0,147.0,0.0,143310.0,18327906.0,0.17162872154115585,0.8283712784588442,0.0,44.0,9,0.4115356667900572,0.0
C2492,594,경상북도,23.0,0.0,5.0,480.0,585.0,0.0,A,국민임대,594,594,,김천덕곡주공아파트,경상북도 김천시 무실7길 38,1626.0,178.0,0.0,129975.0,17154939.0,0.20202020202020202,0.797979797979798,0.0,52.0,5,0.3953120921094209,0.0
C2032,944,경상남도,23.0,0.0,1.0,958.0,1162.0,0.0,A,국민임대,944,944,152.0,율곡마을 주공2단지 아파트,경상남도 김해시 율하1로 7,2871.0,153.0,0.0,181032.0,30172037.0,0.0,1.0,0.0,57.0,8,0.4007868525896411,0.0
C2094,410,경상남도,16.0,0.0,20.0,402.0,318.0,0.0,A,국민임대,410,410,200.0,김해 월산마을 주공14단지아파트,경상남도 김해시 월산로 81-14,837.0,201.0,0.0,109621.0,15658646.0,0.5439024390243903,0.4560975609756098,0.0,41.0,7,0.4007868525896411,0.0
C1880,635,경상남도,15.0,0.0,20.0,508.0,761.0,0.0,A,국민임대,635,635,200.0,김해월산마을 주공11단지,경상남도 김해시 월산로 103,1903.0,203.0,0.0,134966.0,23546683.0,0.0,1.0,0.0,53.0,4,0.4007868525896411,0.0
C2089,962,경상남도,27.0,0.0,1.0,873.0,572.0,0.0,A,국민임대,962,962,135.0,진영휴먼시아아파트,경상남도 김해시 진영읍 김해대로 462,2130.0,137.0,0.0,134797.0,18164486.0,0.4916839916839917,0.5083160083160083,0.0,45.0,6,0.4007868525896411,0.0
C1744,822,경기도,13.0,0.0,2.0,827.0,979.0,0.0,A,국민임대,822,822,143.0,남양주장현 휴먼시아3단지,경기도 남양주시 진접읍 금강로 1554-20,2721.0,143.0,0.0,217494.0,29377986.0,0.0,1.0,0.0,55.0,5,0.42587549369457867,0.0
C2046,1129,경기도,10.0,0.0,4.0,1137.0,1306.0,0.0,A,국민임대,1129,1129,135.0,남양주 진접 휴먼시아16단지,경기도 남양주시 진접읍 해밀예당3로 67,3625.0,136.0,0.0,219095.0,26215205.0,0.0,1.0,0.0,51.0,6,0.42587549369457867,0.0
C2071,1479,경기도,21.0,0.0,3.0,1488.0,1398.0,0.0,A,국민임대,1479,1479,134.0,남양주 진접 휴먼시아17단지,경기도 남양주시 진접읍 해밀예당3로 37,4034.0,134.0,0.0,181645.0,21767639.0,0.17985125084516565,0.8201487491548344,0.0,48.0,9,0.42587549369457867,0.0
C2635,330,경기도,1.0,0.0,3.0,259.0,442.0,0.0,A,국민임대,330,330,166.0,남양주 퇴계원 주공3단지,경기도 남양주시 퇴계원읍 퇴계원로 120-11,1018.0,166.0,0.0,271657.0,32447274.0,0.0,1.0,0.0,56.0,5,0.42587549369457867,0.0
C2390,386,경기도,4.0,0.0,4.0,299.0,422.0,0.0,A,국민임대,386,386,166.0,남양주 퇴계원 주공4단지,경기도 남양주시 퇴계원읍 도제원로 116,1135.0,163.0,0.0,284130.0,33912176.0,0.0,1.0,0.0,58.0,4,0.42587549369457867,0.0
C2561,456,경기도,7.0,1.0,4.0,399.0,441.0,0.0,A,국민임대,456,456,182.0,남양주호평 주공20단지,경기도 남양주시 늘을1로 31,1161.0,183.0,0.0,237671.0,20109053.0,0.2631578947368421,0.7368421052631579,0.0,50.0,4,0.42587549369457867,0.0
C1663,642,대전광역시,3.0,1.0,5.0,567.0,700.0,0.0,A,국민임대,642,642,188.0,반석마을 8단지,대전광역시 유성구 반석동로 82,2017.0,188.0,0.0,248546.0,18265757.0,0.0,1.0,0.0,55.0,4,0.4171733404019149,0.0
C2490,302,대구광역시,4.0,0.0,2.0,217.0,340.0,0.0,A,국민임대,302,302,192.0,달성용계주공아파트,대구광역시 달성군 가창면 가창로216길 25,742.0,196.0,0.0,211895.0,24228080.0,0.0,1.0,0.0,54.0,2,0.41663200297742825,0.0
C2066,757,대구광역시,22.0,0.0,2.0,660.0,503.0,0.0,B,국민임대,757,757,132.0,대구서재휴먼시아,대구광역시 달성군 다사읍 서재로14길 2,1556.0,132.0,0.0,128652.0,15892960.0,0.667107001321004,0.332892998678996,0.0,39.0,10,0.41663200297742825,0.0
C1585,705,대구광역시,12.0,1.0,3.0,502.0,718.0,0.0,A,국민임대,705,705,194.0,장기주공아파트,대구광역시 달서구 용산로 88,1540.0,196.0,0.0,184878.0,22080608.0,0.41702127659574467,0.5829787234042553,0.0,42.0,4,0.41663200297742825,0.0
C2276,1072,대전광역시,18.0,0.0,4.0,894.0,1159.0,0.0,A,국민임대,1072,1072,200.0,대전낭월 석천들마을,대전광역시 동구 산내로1257번길 40,3233.0,200.0,0.0,181684.0,19366976.0,0.0,1.0,0.0,55.0,3,0.4171733404019149,0.0
C1155,375,대전광역시,9.0,1.0,10.0,454.0,373.0,0.0,A,국민임대,375,375,133.0,새들뫼 휴먼시아 2단지,대전광역시 동구 계족로 135,1229.0,134.0,0.0,203299.0,35456225.0,0.0,1.0,0.0,53.0,3,0.4171733404019149,0.0
C1693,853,대전광역시,20.0,0.0,6.0,862.0,1087.0,0.0,A,국민임대,853,853,144.0,봉산 휴먼시아 2단지,대전광역시 유성구 와룡로136번길 75,2894.0,144.0,0.0,208619.0,33538215.0,0.0,1.0,0.0,55.0,4,0.4171733404019149,0.0
C1889,1018,경기도,14.0,0.0,2.0,788.0,808.0,0.0,A,국민임대,1018,1018,188.0,송내주공3단지,경기도 동두천시 중앙로 41,2579.0,188.0,0.0,122603.0,17528426.0,0.1738703339882122,0.8261296660117878,0.0,51.0,4,0.42587549369457867,0.0
C2518,341,강원도,11.0,0.0,2.0,240.0,305.0,0.0,A,국민임대,341,341,180.0,동해묵호주공아파트,강원도 동해시 해맞이길 215,868.0,182.0,0.0,176975.0,20705607.0,0.0,1.0,0.0,54.0,2,0.40053650767038274,0.0
C1962,416,강원도,9.0,0.0,3.0,296.0,401.0,0.0,A,국민임대,416,416,,동해천곡6차아파트,강원도 동해시 평릉1길 37,1359.0,187.0,0.0,198925.0,20988327.0,0.0,1.0,0.0,56.0,4,0.40053650767038274,0.0
C1666,708,전라남도,20.0,0.0,4.0,638.0,465.0,0.0,A,국민임대,708,708,166.0,목포옥암주공1차아파트,전라남도 목포시 당가두로38번길 11,1852.0,167.0,0.0,117015.0,17114576.0,0.3940677966101695,0.6059322033898306,0.0,46.0,9,0.4056767907739719,0.0
C1537,662,충청남도,17.0,0.0,3.0,546.0,669.0,0.0,A,국민임대,662,662,180.0,보령죽정주공,충청남도 보령시 지장골길 37,2101.0,181.0,0.0,131516.0,27598906.0,0.0,1.0,0.0,55.0,4,0.4115356667900572,0.0
C1329,1002,부산광역시,30.0,0.0,2.0,775.0,554.0,0.0,A,국민임대,1002,1002,152.0,내리휴먼시아1단지,부산광역시 기장군 기장읍 소정안길 68,2053.0,165.0,0.0,134974.0,18635709.0,0.3852295409181637,0.6147704590818364,0.0,43.0,8,0.3727848992815887,0.0
C1762,462,전라북도,4.0,0.0,2.0,325.0,460.0,0.0,A,국민임대,462,462,173.0,부안서외 주공아파트,전라북도 부안군 부안읍 부풍로 122,1518.0,173.0,0.0,114705.0,20574181.0,0.0,1.0,0.0,57.0,3,0.3846965003624857,0.0
C2008,781,경기도,7.0,2.0,5.0,663.0,548.0,0.0,A,국민임대,781,781,,여월휴먼시아2단지,경기도 부천시 여월로 65,2032.0,164.0,0.0,233326.0,24604445.0,0.3405889884763124,0.6594110115236875,0.0,47.0,10,0.42587549369457867,0.0
C1319,496,경상남도,16.0,0.0,1.0,428.0,398.0,0.0,A,국민임대,496,496,144.0,사천용강 주공2단지아파트,경상남도 사천시 용강길 37,1091.0,145.0,0.0,123662.0,13917053.0,0.5766129032258065,0.42338709677419356,0.0,42.0,6,0.4007868525896411,0.0
C1141,630,경상남도,28.0,0.0,2.0,637.0,620.0,0.0,A,국민임대,630,630,194.0,사천진사 주공아파트,경상남도 사천시 사남면 조동길 60,1721.0,196.0,0.0,102431.0,16137662.0,0.3,0.7,0.0,47.0,6,0.4007868525896411,0.0
C2340,512,서울특별시,15.0,0.0,3.0,362.0,382.0,0.0,A,공공임대(50년),512,512,2.0,관악산휴먼시아 3단지,서울특별시 관악구 난곡로 63,1041.0,179.0,0.0,281700.0,32454000.0,1.0,0.0,0.0,40.0,1,0.3661614627627259,0.0
C1929,492,충청남도,19.0,0.0,4.0,426.0,413.0,0.0,A,국민임대,492,492,,서천사곡휴먼시아,충청남도 서천군 서천읍 사곡로 17,1129.0,137.0,0.0,151559.0,20217191.0,0.36585365853658536,0.6341463414634146,0.0,46.0,6,0.4115356667900572,0.0
C1681,534,경기도,9.0,0.0,7.0,465.0,520.0,0.0,A,국민임대,534,534,161.0,섬마을휴먼시아2단지아파트,경기도 성남시 중원구 도촌남로 24,1285.0,161.0,0.0,223033.0,29979161.0,0.42134831460674155,0.5786516853932584,0.0,43.0,8,0.42587549369457867,0.0
C1184,458,경기도,4.0,0.0,3.0,403.0,488.0,0.0,A,국민임대,458,458,161.0,섬마을휴먼시아4단지아파트,경기도 성남시 중원구 도촌남로 69,1190.0,161.0,0.0,219086.0,29088925.0,0.4410480349344978,0.5589519650655022,0.0,43.0,7,0.42587549369457867,0.0
C2383,762,경기도,14.0,0.0,3.0,661.0,832.0,0.0,A,국민임대,762,762,161.0,섬마을휴먼시아8단지아파트,경기도 성남시 중원구 도촌남로 134,1952.0,161.0,0.0,237074.0,32972589.0,0.3648293963254593,0.6351706036745407,0.0,46.0,9,0.42587549369457867,0.0
C1579,1005,경기도,12.0,0.0,2.0,882.0,1158.0,0.0,A,국민임대,1005,1005,161.0,섬마을휴먼시아9단지아파트,경기도 성남시 중원구 도촌남로 148,2523.0,161.0,0.0,239459.0,33510524.0,0.3472636815920398,0.6527363184079602,0.0,46.0,9,0.42587549369457867,0.0
C2173,775,경기도,4.0,1.0,2.0,665.0,745.0,0.0,A,국민임대,775,775,41.0,봇들마을 5단지,경기도 성남시 분당구 대왕판교로644번길 65,1978.0,139.0,0.0,265180.0,38629404.0,0.3174193548387097,0.6825806451612904,0.0,46.0,8,0.42587549369457867,0.0
C1911,890,부산광역시,21.0,1.0,2.0,985.0,831.0,0.0,A,국민임대,890,890,,송정 휴먼시아2단지,부산광역시 해운대구 해운대로 1188,2306.0,147.0,0.0,252480.0,30996506.0,0.0,1.0,0.0,54.0,6,0.3727848992815887,0.0
C1638,494,전라북도,10.0,0.0,6.0,358.0,413.0,0.0,A,국민임대,494,494,177.0,순창경천 주공아파트,전라북도 순창군 순창읍 경천1로 102,1717.0,178.0,0.0,107697.0,21343515.0,0.0,1.0,0.0,56.0,5,0.3846965003624857,0.0
C2412,571,전라남도,10.0,0.0,2.0,492.0,487.0,0.0,A,국민임대,571,571,133.0,참샘마을휴먼시아,전라남도 순천시 고지1길 57,1395.0,138.0,0.0,119962.0,18945214.0,0.5674255691768827,0.43257443082311736,0.0,41.0,5,0.4056767907739719,0.0
C1871,550,전라남도,15.0,0.0,4.0,385.0,408.0,0.0,A,국민임대,550,550,200.0,배들마을 선평주공2단지,전라남도 순천시 서면 강청길 80,1319.0,200.0,0.0,80898.0,13288997.0,0.39454545454545453,0.6054545454545455,0.0,43.0,6,0.4056767907739719,0.0
C1309,383,전라남도,15.0,0.0,4.0,385.0,446.0,0.0,A,국민임대,383,383,,연향주공아파트,전라남도 순천시 팔마1길 26,986.0,176.0,0.0,100561.0,18461602.0,0.22715404699738903,0.7728459530026109,0.0,47.0,7,0.4056767907739719,0.0
C1527,996,경상북도,23.0,0.0,4.0,834.0,1150.0,0.0,A,국민임대,996,996,163.0,안동옥동주공6단지,경상북도 안동시 옥서1길 46,3204.0,164.0,0.0,150299.0,18550648.0,0.0,1.0,0.0,51.0,5,0.3953120921094209,0.0
C2208,882,경기도,16.0,0.0,2.0,755.0,840.0,0.0,A,국민임대,882,882,,안산신길휴먼시아2단지아파트,경기도 안산시 단원구 삼일로 13,2271.0,148.0,0.0,198173.0,28291265.0,0.34807256235827666,0.6519274376417233,0.0,44.0,8,0.42587549369457867,0.0
C1940,615,경기도,16.0,0.0,2.0,527.0,709.0,0.0,A,국민임대,615,615,,안산신길 휴먼시아5단지,경기도 안산시 단원구 신길로 94,1899.0,138.0,0.0,224456.0,33130279.0,0.18536585365853658,0.8146341463414634,0.0,48.0,6,0.42587549369457867,0.0
C2596,470,경기도,15.0,1.0,7.0,405.0,480.0,0.0,A,국민임대,470,470,,안산신길 휴먼시아7단지,경기도 안산시 단원구 신길로 50,1295.0,148.0,0.0,206153.0,29870174.0,0.23829787234042554,0.7617021276595745,0.0,45.0,7,0.42587549369457867,0.0
C2227,477,경기도,9.0,0.0,8.0,413.0,505.0,0.0,A,국민임대,477,477,,안산신길 휴먼시아9단지,경기도 안산시 단원구 도일로 26,1256.0,136.12579557044512,0.0,197063.0,28212665.0,0.3920335429769392,0.6079664570230608,0.0,44.0,7,0.42587549369457867,0.0
C2563,496,경기도,9.0,0.0,2.0,425.0,449.0,0.0,A,국민임대,496,496,,안산팔곡주공아파트,경기도 안산시 상록구 정동1길 7,1093.0,132.5200937180309,0.0,168341.0,14291795.0,0.5846774193548387,0.4153225806451613,0.0,41.0,4,0.42587549369457867,0.0
C2358,1260,경상남도,24.0,0.0,8.0,941.0,1010.0,0.0,A,국민임대,1260,1260,,양산물금 휴먼시아 7단지아파트,경상남도 양산시 양주로 58,2839.0,158.0,0.0,131898.0,20669164.0,0.4396825396825397,0.5603174603174603,0.0,41.0,6,0.4007868525896411,0.0
C1492,390,경기도,15.0,0.0,2.0,334.0,296.0,0.0,A,국민임대,390,390,183.0,양주가납 주공아파트,경기도 양주시 광적면 삼일로65번길 156,826.0,184.0,0.0,73171.0,12186564.0,0.7051282051282052,0.2948717948717949,0.0,42.0,7,0.42587549369457867,0.0
C1601,330,경기도,13.0,0.0,4.0,335.0,308.0,0.0,A,국민임대,330,330,135.0,남양주 퇴계원 주공3단지,경기도 남양주시 퇴계원읍 퇴계원로 120-11,1018.0,166.0,0.0,177714.0,25988327.0,0.0,1.0,0.0,50.0,6,0.42587549369457867,0.0
C1687,773,경기도,26.0,0.0,3.0,779.0,349.0,0.0,A,국민임대,773,773,134.0,은빛마을 휴먼시아7단지,경기도 양주시 고읍북로 78,1723.0,135.0,0.0,137854.0,20129632.0,0.4501940491591203,0.5498059508408797,0.0,45.0,11,0.42587549369457867,0.0
C1236,1124,경기도,29.0,0.0,2.0,1129.0,657.0,0.0,A,국민임대,1124,1124,134.0,은빛마을 휴먼시아8단지,경기도 양주시 고읍북로 120,2799.0,135.0,0.0,150459.0,21979077.0,0.22597864768683273,0.7740213523131673,0.0,45.0,12,0.42587549369457867,0.0
C1487,550,경기도,15.0,0.0,8.0,448.0,505.0,0.0,A,국민임대,550,550,176.0,행복한마을 덕정주공8단지,경기도 양주시 고암길 172-14,1658.0,179.0,0.0,143308.0,25967000.0,0.0,1.0,0.0,57.0,2,0.42587549369457867,0.0
C1379,324,경기도,10.0,0.0,2.0,270.0,294.0,0.0,A,국민임대,324,324,134.0,휴먼시아,경기도 양주시 백석읍 고릉말로46번길 12,662.0,135.0,0.0,109723.0,14436297.0,0.6296296296296297,0.37037037037037035,0.0,41.0,4,0.42587549369457867,0.0
C1386,1497,전라남도,15.0,0.0,5.0,1100.0,1145.0,0.0,A,국민임대,1497,1497,,여수무선 주공3단지,전라남도 여수시 덕양로 157,3353.0,195.0,0.0,82486.0,14608902.0,0.5617902471609887,0.43820975283901137,0.0,42.0,13,0.4056767907739719,0.0
C1656,531,전라남도,7.0,0.0,2.0,480.0,257.0,0.0,A,국민임대,531,531,135.0,영광도동휴먼시아,전라남도 영광군 영광읍 물무로 227,1578.0,135.0,0.0,119227.0,16120863.0,0.1958568738229755,0.8041431261770244,0.0,45.0,8,0.4056767907739719,0.0
C2526,355,경상북도,16.0,0.0,2.0,291.0,321.0,0.0,A,국민임대,355,355,168.0,예천대심주공아파트,경상북도 예천군 예천읍 봉덕로 52,1044.0,168.0,0.0,109413.0,15630660.0,0.2591549295774648,0.7408450704225352,0.0,48.0,5,0.3953120921094209,0.0
C1022,389,경기도,4.0,0.0,4.0,352.0,450.0,0.0,A,국민임대,389,389,262.0,물푸레마을2단지아파트,경기도 용인시 기흥구 구성3로 37,1202.0,157.0,0.0,221980.0,24665000.0,0.0,1.0,0.0,47.0,4,0.42587549369457867,0.0
C1896,712,경기도,3.0,0.0,2.0,658.0,845.0,0.0,A,국민임대,712,712,,물푸레마을5단지아파트,경기도 용인시 기흥구 구성3로 38,1967.0,157.0,0.0,222230.0,25734094.0,0.3539325842696629,0.6460674157303371,0.0,47.0,6,0.42587549369457867,0.0
C1269,561,경기도,1.0,0.0,3.0,572.0,643.0,0.0,A,국민임대,561,561,262.0,백현마을주공7단지아파트,경기도 용인시 기흥구 동백8로 103,1532.0,184.0,0.0,210895.0,20079674.0,0.2727272727272727,0.7272727272727273,0.0,47.0,4,0.42587549369457867,0.0
C1916,816,경기도,2.0,1.0,4.0,822.0,752.0,0.0,A,국민임대,816,816,262.0,초당마을주공3단지아파트,경기도 용인시 기흥구 동백중앙로 41,2017.0,183.0,0.0,210028.0,20703037.0,0.34191176470588236,0.6580882352941176,0.0,45.0,4,0.42587549369457867,0.0
C2070,898,경기도,6.0,0.0,3.0,909.0,735.0,0.0,A,국민임대,898,898,262.0,호수마을주공3단지아파트,경기도 용인시 기흥구 동백8로 64,2412.0,182.0,0.0,231190.0,22199694.0,0.26948775055679286,0.7305122494432071,0.0,48.0,5,0.42587549369457867,0.0
C1967,581,경기도,6.0,0.0,3.0,530.0,639.0,0.0,A,국민임대,581,581,,한보라마을4단지휴먼시아아파트,경기도 용인시 기흥구 한보라1로43번길 23,1463.0,177.0,0.0,180347.0,15373844.0,0.40963855421686746,0.5903614457831325,0.0,42.0,4,0.42587549369457867,0.0
C2021,851,경기도,7.0,0.0,3.0,771.0,902.0,0.0,A,국민임대,851,851,262.0,한보라마을7단지휴먼시아아파트,경기도 용인시 기흥구 한보라2로 168,2396.0,176.0,0.0,198827.0,16931709.0,0.26439482961222094,0.7356051703877791,0.0,47.0,12,0.42587549369457867,0.0
C1143,693,경기도,3.0,1.0,11.0,717.0,632.0,0.0,A,국민임대,693,693,,녹원마을새천년그린빌주공3단지아파트,경기도 용인시 기흥구 새천년로16번길 16,1461.0,184.0,0.0,179170.0,16995677.0,0.6565656565656566,0.3434343434343434,0.0,40.0,3,0.42587549369457867,0.0
C2188,136,경기도,3.0,0.0,2.0,136.0,125.0,0.0,A,국민임대,136,136,94.0,내대지마을주공2단지아파트,경기도 용인시 수지구 대지로 158,279.0,192.0,0.0,175780.0,19221000.0,1.0,0.0,0.0,39.0,1,0.42587549369457867,0.0
C2651,225,경기도,5.0,0.0,2.0,277.0,282.0,0.0,A,국민임대,225,225,262.0,내대지마을주공5단지아파트,경기도 용인시 수지구 디지털벨리로 21,482.0,183.0,0.0,193107.0,20773005.0,0.5022222222222222,0.49777777777777776,0.0,43.0,2,0.42587549369457867,0.0
C2657,866,경기도,7.0,0.0,4.0,692.0,782.0,0.0,A,국민임대,866,866,262.0,흥덕마을 휴먼시아 3단지 아파트,경기도 용인시 기흥구 흥덕2로 80,2357.0,142.0,0.0,219201.0,31637011.0,0.2748267898383372,0.7251732101616628,0.0,46.0,7,0.42587549369457867,0.0
C2527,383,경기도,8.0,0.0,3.0,317.0,375.0,0.0,A,국민임대,383,383,262.0,흥덕마을 휴먼시아 4단지 아파트,경기도 용인시 기흥구 흥덕2로 46,1001.0,149.0,0.0,219011.0,31713441.0,0.3472584856396867,0.6527415143603134,0.0,46.0,5,0.42587549369457867,0.0
C2262,720,울산광역시,30.0,0.0,4.0,581.0,540.0,0.0,A,국민임대,720,720,135.0,울산매곡휴먼시아,울산광역시 북구 신천로 60,1683.0,135.0,0.0,190590.0,23855869.0,0.34444444444444444,0.6555555555555556,0.0,47.0,8,0.38280531639220905,0.0
C1084,280,경상북도,2.0,0.0,2.0,280.0,226.0,0.0,A,국민임대,280,280,148.0,울진읍내휴먼시아,경상북도 울진군 울진읍 월변2길 56-21,755.0,150.0,0.0,109413.0,16039200.0,0.34285714285714286,0.6571428571428571,0.0,47.0,6,0.3953120921094209,0.0
C2530,307,강원도,19.0,0.0,5.0,296.0,302.0,0.0,A,국민임대,307,307,104.0,원주개운LH2단지아파트,강원도 원주시 개운로 20,936.0,134.0,0.0,286164.0,32256602.0,0.17263843648208468,0.8273615635179153,0.0,54.0,6,0.40053650767038274,0.0
C1046,232,강원도,9.0,0.0,4.0,195.0,156.0,0.0,A,국민임대,232,232,113.0,원주개운LH3단지아파트,강원도 원주시 남원로606번길 22,385.0,133.0,0.0,191993.0,17341500.0,0.75,0.25,0.0,40.0,3,0.40053650767038274,0.0
C1761,602,강원도,18.0,0.0,2.0,715.0,730.0,0.0,A,국민임대,602,602,115.0,원주무실 주공7단지,강원도 원주시 시청로 40,1543.0,147.0,0.0,200635.0,20254590.0,0.24916943521594684,0.7508305647840532,0.0,47.0,6,0.40053650767038274,0.0
C1102,522,강원도,21.0,0.0,7.0,525.0,417.0,0.0,A,국민임대,522,522,113.0,원주봉화산주공아파트,강원도 원주시 백간길 16,1206.0,159.0,0.0,182690.0,16273725.0,0.3448275862068966,0.6551724137931034,0.0,42.0,6,0.40053650767038274,0.0
C2420,457,대구광역시,3.0,1.0,8.0,537.0,505.0,0.0,A,국민임대,457,457,,율하휴먼시아 15단지,대구광역시 동구 금호강변로3길 9,1223.0,141.0,0.0,202103.0,29287917.0,0.2603938730853392,0.7396061269146609,0.0,50.0,7,0.41663200297742825,0.0
C1122,808,대구광역시,7.0,2.0,2.0,728.0,1077.0,0.0,A,국민임대,808,808,151.0,율하휴먼시아 6단지,대구광역시 동구 안심로16길 45,2032.0,151.0,0.0,153265.0,22401171.0,0.27103960396039606,0.7289603960396039,0.0,45.0,7,0.41663200297742825,0.0
C2042,712,대구광역시,13.0,2.0,7.0,641.0,757.0,0.0,A,국민임대,712,712,152.0,율하휴먼시아 7단지,대구광역시 동구 안심로22길 55,1915.0,152.0,0.0,157078.0,22962075.0,0.18117977528089887,0.8188202247191011,0.0,45.0,5,0.41663200297742825,0.0
C1375,757,경상남도,21.0,0.0,12.0,761.0,754.0,0.0,A,국민임대,757,757,145.0,율현마을 주공 12단지 아파트,경상남도 김해시 율하2로 178,2136.0,147.0,0.0,163111.0,27004666.0,0.0,1.0,0.0,54.0,7,0.4007868525896411,0.0
C1410,356,충청북도,10.0,0.0,3.0,550.0,815.0,0.0,A,국민임대,356,356,168.0,음성금왕 3단지주공아파트,충청북도 음성군 금왕읍 무극로324번길 15,2124.0,170.0,0.0,112590.0,13765696.0,0.5842696629213483,0.4157303370786517,0.0,46.0,3,0.4093640981700224,0.0
C1641,283,경상남도,8.0,0.0,1.0,227.0,268.0,0.0,A,국민임대,283,283,31.0,의령서동 주공아파트,경상남도 의령군 의령읍 의병로9길 25-6,732.0,153.0,0.0,101370.0,11630912.0,0.31802120141342755,0.6819787985865724,0.0,46.0,4,0.4007868525896411,0.0
C1706,467,경기도,7.0,1.0,5.0,403.0,362.0,0.0,A,국민임대,467,467,,장안마을주공아파트,경기도 의왕시 신장승길 12,1232.0,192.0,0.0,218307.0,26052852.0,0.3426124197002141,0.6573875802997858,0.0,48.0,5,0.42587549369457867,0.0
C1307,506,경기도,9.0,0.0,3.0,436.0,504.0,0.0,A,국민임대,506,506,,청계마을 휴먼시아3단지,경기도 의왕시 청계1로 28,1270.0,168.0,0.0,237616.0,33141410.0,0.30632411067193677,0.6936758893280632,0.0,47.0,8,0.42587549369457867,0.0
C2601,243,경기도,7.0,0.0,3.0,214.0,281.0,0.0,A,국민임대,243,243,168.0,청계마을 휴먼시아6단지,경기도 의왕시 청계1로 9,715.0,168.0,0.0,301335.0,45466283.0,0.0,1.0,0.0,54.0,5,0.42587549369457867,0.0
C1085,525,경기도,4.0,0.0,2.0,422.0,521.0,0.0,A,국민임대,525,525,,이천갈산주공아파트,경기도 이천시 영창로314번길 51,1182.0,200.0,0.0,132970.0,15723887.0,0.5142857142857142,0.4857142857142857,0.0,42.0,4,0.42587549369457867,0.0
C2385,445,경기도,4.0,0.0,4.0,404.0,552.0,0.0,A,국민임대,445,445,71.0,갈산휴먼시아3단지아파트,경기도 이천시 영창로 315,1459.0,140.0,0.0,189772.0,27762168.0,0.0,1.0,0.0,49.0,4,0.42587549369457867,0.0
C1059,514,전라북도,7.0,0.0,8.0,362.0,246.0,0.0,A,국민임대,514,514,187.0,송백마을 익산부송주공,전라북도 익산시 부송1로 123,1289.0,188.0,0.0,103446.0,16961961.0,0.4980544747081712,0.5019455252918288,0.0,43.0,6,0.3846965003624857,0.0
C2162,374,전라북도,7.0,0.0,1.0,281.0,347.0,0.0,A,국민임대,374,374,,임실이도주공아파트,전라북도 임실군 임실읍 운수로 33-17,1330.0,175.0,0.0,112360.0,20227674.0,0.0,1.0,0.0,56.0,3,0.3846965003624857,0.0
C1819,330,전라남도,15.0,0.0,1.0,253.0,272.0,0.0,A,국민임대,330,330,,영천주공아파트,전라남도 장성군 장성읍 문화로 23,1137.0,176.0,0.0,126521.0,18934272.0,0.0,1.0,0.0,57.0,3,0.4056767907739719,0.0
C2325,378,전라북도,3.0,0.0,1.0,265.0,293.0,0.0,A,국민임대,378,378,161.0,장수북동 휴먼시아,전라북도 장수군 장수읍 관두길 16,1112.0,161.0,0.0,84454.0,14330438.0,0.31216931216931215,0.6878306878306878,0.0,45.0,5,0.3846965003624857,0.0
C2394,277,충청남도,20.0,0.0,2.0,222.0,254.0,0.0,E,국민임대,277,277,,장항원수휴먼시아,충청남도 서천군 장항읍 장항로 285,694.0,133.0,0.0,60825.0,54385897.0,0.3104693140794224,0.6895306859205776,0.0,47.0,8,0.4115356667900572,0.0
C1133,856,전라북도,10.0,0.0,3.0,777.0,842.0,0.0,A,국민임대,856,856,83.0,전주효자 휴먼시아5단지,전라북도 전주시 완산구 호암로 87,2230.0,83.0,0.0,136830.0,23492362.0,0.4158878504672897,0.5841121495327103,0.0,43.0,6,0.3846965003624857,0.0
C1281,646,전라북도,4.0,0.0,3.0,583.0,484.0,0.0,A,국민임대,646,646,83.0,전주효자 휴먼시아6단지,전라북도 전주시 완산구 호암로 88,1432.0,135.0,0.0,119395.0,20164394.0,0.6702786377708978,0.32972136222910214,0.0,38.0,5,0.3846965003624857,0.0
C1194,511,제주특별자치도,3.0,0.0,4.0,413.0,585.0,0.0,A,국민임대,511,511,,정든마을 LH3단지,제주특별자치도 제주시 정존11길 68,1550.0,196.0,0.0,236586.0,20121145.0,0.0,1.0,0.0,56.0,5,0.3765596236449168,0.0
C2308,285,강원도,3.0,0.0,1.0,200.0,244.0,0.0,A,국민임대,285,285,189.0,고한주공아파트,강원도 정선군 고한읍 고한10길 30,716.0,190.0,0.0,196201.0,13390505.0,0.0,1.0,0.0,56.0,3,0.40053650767038274,0.0
C2036,256,강원도,2.0,0.0,1.0,199.0,258.0,0.0,A,국민임대,256,256,175.0,봉양주공1차아파트,강원도 정선군 정선읍 녹송로 23-34,701.0,175.0,0.0,132090.0,19476710.0,0.0,1.0,0.0,51.0,4,0.40053650767038274,0.0
C1394,466,전라북도,0.0,0.0,1.0,329.0,271.0,0.0,A,국민임대,466,466,113.0,정읍농소주공아파트,전라북도 정읍시 서부산업도로 409,980.0,200.0,0.0,92245.0,12493365.0,0.5257510729613734,0.4742489270386266,0.0,41.0,4,0.3846965003624857,0.0
C1180,314,전라북도,15.0,0.0,1.0,241.0,311.0,0.0,A,국민임대,314,314,112.0,정읍신태인주공아파트,전라북도 정읍시 신태인읍 호남철로 32-13,942.0,165.0,0.0,102080.0,18010911.0,0.0,1.0,0.0,56.0,3,0.3846965003624857,0.0
C2503,382,제주특별자치도,7.0,0.0,2.0,306.0,327.0,0.0,A,국민임대,382,382,186.0,제주도련 LH아파트,제주특별자치도 제주시 도련2길 14,872.0,188.0,0.0,120724.0,15003383.0,0.5968586387434555,0.4031413612565445,0.0,42.0,6,0.3765596236449168,0.0
C1907,212,제주특별자치도,7.0,0.0,3.0,163.0,207.0,0.0,A,국민임대,212,212,159.0,제주한림 LH아파트,제주특별자치도 제주시 한림읍 대림4길 20,553.0,161.0,0.0,103279.0,12333415.0,0.5141509433962265,0.4858490566037736,0.0,44.0,6,0.3765596236449168,0.0
C2181,872,충청북도,15.0,0.0,6.0,733.0,683.0,0.0,A,국민임대,872,872,139.0,제천강저 휴먼시아1단지,충청북도 제천시 청풍호로7길 20,1819.0,141.0,0.0,112916.0,12199113.0,0.6215596330275229,0.37844036697247707,0.0,42.0,6,0.4093640981700224,0.0
C1768,508,충청북도,4.0,0.0,1.0,370.0,670.0,0.0,A,국민임대,508,508,,제천장락 3주공아파트,충청북도 제천시 장락로 130,1674.0,195.0,0.0,149561.0,15762689.0,0.0,1.0,0.0,56.0,2,0.4093640981700224,0.0
C1783,594,대구광역시,16.0,1.0,6.0,596.0,570.0,0.0,A,국민임대,594,594,156.0,죽곡휴먼시아1단지,대구광역시 달성군 다사읍 대실역북로1길 6,1534.0,165.0,0.0,176619.0,25853596.0,0.30303030303030304,0.696969696969697,0.0,50.0,5,0.41663200297742825,0.0
C2192,514,충청북도,16.0,0.0,2.0,442.0,324.0,0.0,A,국민임대,514,514,,증평송산 휴먼시아2단지,충청북도 증평군 증평읍 송산로 53,960.0,133.0,0.0,102706.0,11841260.0,0.6848249027237354,0.3151750972762646,0.0,40.0,5,0.4093640981700224,0.0
C2346,558,충청북도,12.0,0.0,3.0,449.0,553.0,0.0,A,국민임대,558,558,,장동주공아파트,충청북도 증평군 증평읍 증평로 31-11,1926.0,160.0,0.0,140074.0,16074569.0,0.0,1.0,0.0,52.0,5,0.4093640981700224,0.0
C2680,758,경상남도,19.0,0.0,7.0,564.0,590.0,0.0,A,국민임대,758,758,188.0,진주가좌 주공3단지아파트,경상남도 진주시 진주대로568번길 12,1629.0,191.0,0.0,115417.0,22048725.0,0.6411609498680739,0.35883905013192613,0.0,40.0,3,0.4007868525896411,0.0
C2631,812,경상남도,2.0,0.0,3.0,612.0,638.0,0.0,A,국민임대,812,812,178.0,진해자은 주공3단지아파트,경상남도 창원시 진해구 진해대로975번길 23,1855.0,180.0,0.0,103247.0,20426722.0,0.39655172413793105,0.603448275862069,0.0,46.0,7,0.4007868525896411,0.0
C2141,504,경상남도,2.0,0.0,6.0,445.0,495.0,0.0,A,국민임대,504,504,139.0,도계휴먼시아아파트,경상남도 창원시 의창구 원이대로82번길 15-15,1472.0,141.0,0.0,206454.0,26544715.0,0.23809523809523808,0.7619047619047619,0.0,43.0,4,0.4007868525896411,0.0
C1569,631,경상남도,8.0,0.0,3.0,442.0,528.0,0.0,A,국민임대,631,631,199.0,송정주공아파트,경상남도 창원시 의창구 동읍 용정길 26,1381.0,200.0,0.0,95593.0,13998940.0,0.6212361331220285,0.3787638668779715,0.0,40.0,7,0.4007868525896411,0.0
C2099,332,강원도,3.0,0.0,2.0,258.0,383.0,0.0,A,국민임대,332,332,147.0,동송 주공아파트,강원도 철원군 동송읍 이평2로10번길 40,941.0,148.0,0.0,104878.0,12723505.0,0.24096385542168675,0.7590361445783133,0.0,48.0,5,0.40053650767038274,0.0
C2287,409,충청북도,18.0,0.0,3.0,330.0,284.0,0.0,A,국민임대,409,409,164.0,청원내수 주공아파트,충청북도 청주시 청원구 내수읍 청암로 35,1176.0,164.0,0.0,113428.0,13627954.0,0.15403422982885084,0.8459657701711492,0.0,46.0,7,0.4093640981700224,0.0
C2055,773,충청북도,22.0,0.0,4.0,817.0,723.0,0.0,A,국민임대,773,773,156.0,가로수마을휴먼시아아파트,충청북도 청주시 흥덕구 서현중로32번길 23,1979.0,156.0,0.0,169709.0,23228994.0,0.33247089262613194,0.6675291073738681,0.0,45.0,6,0.4093640981700224,0.0
C1428,375,강원도,6.0,0.0,2.0,360.0,333.0,0.0,A,국민임대,375,375,147.0,춘천거두 주공아파트,강원도 춘천시 동내면 거두택지길 88,920.0,148.0,0.0,163828.0,19654926.0,0.2906666666666667,0.7093333333333334,0.0,46.0,7,0.40053650767038274,0.0
C2522,747,강원도,13.0,0.0,2.0,698.0,610.0,0.0,A,국민임대,747,747,140.0,춘천만천엘에이치아파트,강원도 춘천시 동면 후석로326번길 96,1696.0,141.0,0.0,158183.0,19362185.0,0.5100401606425703,0.4899598393574297,0.0,44.0,7,0.40053650767038274,0.0
C2560,372,강원도,3.0,0.0,1.0,374.0,481.0,0.0,A,국민임대,372,372,192.0,퇴계8단지 주공아파트,강원도 춘천시 승지골길16번길 48,1077.0,193.0,0.0,214235.0,16727839.0,0.0,1.0,0.0,53.0,2,0.40053650767038274,0.0
C2068,434,강원도,3.0,0.0,1.0,384.0,594.0,0.0,A,국민임대,434,434,179.0,퇴계9단지 주공아파트,강원도 춘천시 안마산로 244,1278.0,181.0,0.0,235882.0,19838580.0,0.0,1.0,0.0,53.0,2,0.40053650767038274,0.0
C2603,538,충청북도,9.0,0.0,2.0,393.0,509.0,0.0,A,국민임대,538,538,170.0,충주연수주공6단지아파트,충청북도 충주시 금곡서1길 5,1533.0,171.0,0.0,129138.0,18537326.0,0.0,1.0,0.0,50.0,6,0.4093640981700224,0.0
C1965,498,충청북도,13.0,0.0,5.0,480.0,500.0,0.0,A,국민임대,498,498,,충주연수 주공7단지,충청북도 충주시 갱고개로 230,1158.0,139.0,0.0,124789.0,15797000.0,0.5180722891566265,0.4819277108433735,0.0,45.0,5,0.4093640981700224,0.0
C1660,718,경상남도,13.0,0.0,3.0,550.0,512.0,0.0,A,국민임대,718,718,,죽림주공아파트,경상남도 통영시 광도면 죽림1로 17-18,1823.0,194.0,0.0,111800.0,17491941.0,0.25069637883008355,0.7493036211699164,0.0,49.0,8,0.4007868525896411,0.0
C2378,818,경기도,25.0,0.0,12.0,640.0,901.0,0.0,A,국민임대,818,818,,평택안중1,경기도 평택시 안중읍 안현로서6길 61,2562.0,201.0,0.0,236876.0,18597623.0,0.0,1.0,0.0,54.0,4,0.42587549369457867,0.0
C1268,1035,경기도,21.0,0.0,16.0,911.0,934.0,0.0,A,국민임대,1035,1035,,반지마을 주공3단지,경기도 평택시 이충로35번길 51,2395.0,179.0,0.0,188234.0,18430183.0,0.3710144927536232,0.6289855072463768,0.0,45.0,6,0.42587549369457867,0.0
C1994,431,경상남도,3.0,0.0,1.0,319.0,496.0,0.0,A,국민임대,431,431,182.0,도항가야 주공2단지아파트,경상남도 함안군 가야읍 성내북길 57,1272.0,184.0,0.0,106104.0,16408715.0,0.0,1.0,0.0,50.0,4,0.4007868525896411,0.0
C1837,467,경상남도,21.0,0.0,4.0,366.0,398.0,0.0,A,국민임대,467,467,,함양교산 휴먼시아,경상남도 함양군 함양읍 함양로 1246,1144.0,135.0,0.0,125004.0,14624143.0,0.49678800856531047,0.5032119914346895,0.0,41.0,6,0.4007868525896411,0.0
C1000,566,충청북도,10.0,0.0,1.0,438.0,481.0,0.0,A,국민임대,566,566,,음성감곡휴먼시아,충청북도 음성군 감곡면 오향로 31,1139.0,129.0,0.0,107462.0,11897252.0,0.7402826855123675,0.2597173144876325,0.0,42.0,7,0.4093640981700224,0.0
C1465,861,충청북도,26.0,0.0,4.0,812.0,557.0,0.0,A,국민임대,861,861,128.0,성화휴먼시아4단지,충청북도 청주시 서원구 장전로 11,1838.0,128.0,0.0,149685.0,19373606.0,0.6411149825783972,0.3588850174216028,0.0,40.0,6,0.4093640981700224,0.0
C1448,1116,광주광역시,25.0,0.0,2.0,1050.0,1284.0,0.0,A,국민임대,1116,1116,129.0,신완마을 휴먼시아 6단지,광주광역시 광산구 풍영로329번길 51,3570.0,129.0,0.0,164260.0,29277506.0,0.0,1.0,0.0,48.0,9,0.41754416938850125,0.0
C1516,456,전라남도,8.0,0.0,1.0,367.0,475.0,0.0,B,국민임대,456,456,,영천주공2차아파트,전라남도 장성군 장성읍 문화로 21-34,1050.0,130.0,0.0,78750.0,9786074.0,0.6885964912280702,0.31140350877192985,0.0,39.0,5,0.4056767907739719,0.0
C2670,648,전라북도,9.0,0.0,2.0,600.0,435.0,0.0,A,국민임대,648,648,,익산배산 휴먼시아5단지,전라북도 익산시 선화로1길 57-32,1245.0,131.0,0.0,114226.0,16239963.0,0.7777777777777778,0.2222222222222222,0.0,40.0,5,0.3846965003624857,0.0
C1365,875,경기도,5.0,0.0,2.0,903.0,945.0,0.0,H,국민임대,875,875,,광명신촌 휴먼시아2단지,경기도 광명시 소하로 189,2801.0,126.59768799178404,0.0,340144.0,53779361.0,0.07542857142857143,0.9245714285714286,0.0,56.0,10,0.42587549369457867,0.0
C1177,1668,대전광역시,17.0,1.0,10.0,1756.0,1044.0,0.0,A,국민임대,1668,1668,130.0,도안마을1단지,대전광역시 유성구 도안대로 560,3055.0,130.0,0.0,179041.0,27255727.0,0.7068345323741008,0.2931654676258993,0.0,40.0,16,0.4171733404019149,0.0
C1360,443,경상북도,22.0,0.0,2.0,362.0,375.0,0.0,A,국민임대,443,443,131.0,경주건천휴먼시아,경상북도 경주시 건천읍 대곡용명길 27,951.0,131.0,0.0,100778.0,14131178.0,0.38826185101580135,0.6117381489841986,0.0,42.0,6,0.3953120921094209,0.0
C2488,1215,광주광역시,28.0,0.0,4.0,1105.0,1023.0,0.0,E,국민임대,1215,1215,,신완마을 휴먼시아7단지,광주광역시 광산구 풍영로329번길 50,2743.0,123.0,0.0,76575.0,52178190.0,0.48559670781893005,0.51440329218107,0.0,43.0,8,0.41754416938850125,0.0
C1406,1647,대전광역시,13.0,0.0,2.0,1741.0,1350.0,0.0,A,국민임대,1647,1647,129.0,도안 휴먼시아 10단지,대전광역시 유성구 원신흥로 37,2926.0,131.0,0.0,150982.0,27027849.0,0.7122040072859745,0.2877959927140255,0.0,40.0,14,0.4171733404019149,0.0
C1566,462,전라남도,13.0,0.0,6.0,387.0,284.0,0.0,A,국민임대,462,462,118.0,영암용앙휴먼시아2단지,전라남도 영암군 삼호읍 삼호중앙로 222,1059.0,118.0,0.0,105661.0,14630216.0,0.645021645021645,0.354978354978355,0.0,41.0,6,0.4056767907739719,0.0
C1227,806,경상남도,7.0,0.0,1.0,707.0,823.0,0.0,A,국민임대,806,806,117.0,봉림휴먼시아1단지아파트,경상남도 창원시 의창구 소봉로 50,1915.0,118.0,0.0,229657.0,21808467.0,0.6141439205955335,0.3858560794044665,0.0,40.0,9,0.4007868525896411,0.0
C2460,1017,경기도,17.0,0.0,3.0,879.0,793.0,0.0,A,국민임대,1017,1017,115.0,동편마을1단지,경기도 안양시 동안구 동편로 120,2578.0,115.0,0.0,247359.0,36325551.0,0.5221238938053098,0.4778761061946903,0.0,40.0,6,0.42587549369457867,0.0
C2486,589,경상남도,2.0,0.0,4.0,515.0,587.0,0.0,A,국민임대,589,589,120.0,봉림휴먼시아2단지아파트,경상남도 창원시 의창구 대봉로 25,1413.0,121.0,0.0,232638.0,22309483.0,0.5908319185059423,0.4091680814940577,0.0,41.0,10,0.4007868525896411,0.0
C2106,504,충청북도,18.0,0.0,2.0,434.0,353.0,0.0,A,국민임대,504,504,,증평송산 1휴먼시아,충청북도 증평군 증평읍 송산로 35,868.0,120.0,0.0,103751.0,12111484.0,0.6984126984126984,0.30158730158730157,0.0,39.0,5,0.4093640981700224,0.0
C1572,937,경상남도,32.0,0.0,3.0,770.0,479.0,0.0,A,국민임대,937,937,,양산소주 휴먼시아 아파트,경상남도 양산시 번영로 435,1748.0,119.0,0.0,76642.0,37551808.0,0.6296691568836713,0.3703308431163287,0.0,40.0,6,0.4007868525896411,0.0
C1773,840,경기도,15.0,0.0,4.0,772.0,614.0,0.0,A,국민임대,840,840,,포일숲속마을2단지,경기도 의왕시 이미로 17,1993.0,103.0,0.0,286478.0,29663489.0,0.5428571428571428,0.45714285714285713,0.0,41.0,9,0.42587549369457867,0.0
C1677,1144,경기도,9.0,0.0,4.0,1039.0,1101.0,0.0,H,국민임대,1144,1144,93.0,LH 별빛마을 3단지,경기도 남양주시 별내5로 22,2571.0,93.0,0.0,257135.0,29854121.0,0.5402097902097902,0.4597902097902098,0.0,42.0,11,0.42587549369457867,0.0
C1823,553,충청북도,14.0,0.0,3.0,584.0,652.0,0.0,A,국민임대,553,553,93.0,청주율량2 LH 1단지,충청북도 청주시 청원구 율량로 17,1230.0,94.0,0.0,153157.0,19717481.0,0.6003616636528029,0.3996383363471971,0.0,41.0,6,0.4093640981700224,0.0
C1344,424,서울특별시,0.0,0.0,3.0,467.0,509.0,0.0,A,공공임대(분납),300,300,,엘에이치 서초4단지,서울특별시 서초구 양재대로2길 33,1320.0,91.0,0.0,430623.0,118682590.0,0.0,0.2806603773584906,0.4268867924528302,76.0,6,0.3661614627627259,0.0
C2692,499,경상북도,19.0,0.0,2.0,409.0,437.0,0.0,A,국민임대,499,499,99.0,경주외동아파트,경상북도 경주시 외동읍 본동길 14,1034.0,99.0,0.0,102300.0,13341229.0,0.6693386773547094,0.3306613226452906,0.0,40.0,5,0.3953120921094209,0.0
C2505,200,경상북도,2.0,0.0,2.0,153.0,163.0,0.0,A,국민임대,200,200,94.0,영양동부아파트,경상북도 영양군 영양읍 영양창수로 93,395.0,95.0,0.0,84545.0,10031250.0,0.75,0.25,0.0,39.0,5,0.3953120921094209,0.0
C2587,603,경상북도,23.0,0.0,3.0,506.0,589.0,0.0,A,국민임대,603,603,114.0,영천망정휴먼시아5단지,경상북도 영천시 망정로 80,1343.0,115.0,0.0,122771.0,18598666.0,0.5538971807628524,0.4461028192371476,0.0,45.0,7,0.3953120921094209,0.0
C2127,700,경상남도,21.0,0.0,2.0,592.0,403.0,0.0,A,국민임대,700,700,,양산가촌 휴먼시아아파트,경상남도 양산시 물금읍 가촌로 155,1549.0,112.0,0.0,157237.0,18740595.0,0.5028571428571429,0.49714285714285716,0.0,44.0,6,0.4007868525896411,0.0
C1316,107,충청남도,7.0,0.0,2.0,27.0,22.0,0.0,E,국민임대,107,107,116.0,서천종천휴먼시아,충청남도 서천군 종천면 충서로302번길 88-34,125.0,116.0,0.0,33402.0,34825510.0,0.897196261682243,0.102803738317757,0.0,35.0,2,0.4115356667900572,0.0
C1674,318,전라남도,4.0,0.0,1.0,262.0,322.0,0.0,A,국민임대,318,318,110.0,장흥건산휴먼시아2단지,전라남도 장흥군 장흥읍 북부로 3,851.0,111.0,0.0,103669.0,13016464.0,0.5974842767295597,0.4025157232704403,0.0,40.0,6,0.4056767907739719,0.0
C1713,656,경상남도,2.0,0.0,1.0,527.0,566.0,0.0,A,국민임대,656,656,,함안칠원 휴먼시아아파트,경상남도 함안군 칠원읍 구성길 141,1417.0,108.0,0.0,139567.0,14529063.0,0.6920731707317073,0.3079268292682927,0.0,41.0,6,0.4007868525896411,0.0
C1845,306,강원도,0.0,0.0,3.0,248.0,277.0,0.0,A,국민임대,306,306,109.0,포남엘에이치 1단지,강원도 강릉시 경강로2301번길 6,781.0,110.0,0.0,223889.0,19120569.0,0.5098039215686274,0.49019607843137253,0.0,43.0,4,0.40053650767038274,0.0
C2082,970,경기도,19.0,0.0,2.0,845.0,822.0,0.0,A,국민임대,970,970,103.0,동편마을2단지,경기도 안양시 동안구 동편로 80,2523.0,103.0,0.0,263041.0,38670817.0,0.5237113402061856,0.4762886597938144,0.0,42.0,6,0.42587549369457867,0.0
C1328,992,경기도,36.0,0.0,15.0,871.0,770.0,0.0,A,국민임대,992,992,,평택소사벌2,경기도 평택시 경기대로 508,1792.0,108.0,0.0,138240.0,65818408.0,0.5745967741935484,0.4254032258064516,0.0,40.0,11,0.42587549369457867,0.0
C2357,533,부산광역시,25.0,1.0,2.0,484.0,345.0,0.0,A,국민임대,533,533,98.0,부산범천아파트,부산광역시 부산진구 신암로 66,1123.0,100.0,0.0,247674.0,77731689.0,0.49530956848030017,0.5046904315196998,0.0,43.0,6,0.3727848992815887,0.0
C2565,1006,경상북도,33.0,0.0,3.0,915.0,1090.0,0.0,A,국민임대,1006,1006,104.0,포항장량휴먼시아5단지,경상북도 포항시 북구 장량중앙로 117,2395.0,104.0,0.0,196101.0,20177239.0,0.21769383697813122,0.7823061630218688,0.0,47.0,12,0.3953120921094209,0.0
C1804,478,경기도,3.0,0.0,3.0,629.0,951.0,0.0,A,공공임대(10년),26,26,31.0,LH 별가람마을 1-4단지,경기도 남양주시 덕송3로 7,1569.0,91.0,0.0,582199.0,87633923.0,0.0,0.012552301255230125,0.04184100418410042,82.0,4,0.42587549369457867,0.0
C2255,560,충청남도,2.0,0.0,2.0,400.0,410.0,0.0,A,국민임대,560,560,87.0,논산내동2휴먼시아,충청남도 논산시 대학로65번길 19,1149.0,88.0,100.0,101709.0,14176457.0,0.7428571428571429,0.2571428571428571,0.0,35.0,6,0.4115356667900572,0.17857142857142858
C1343,600,경기도,8.0,1.0,4.0,528.0,549.0,0.0,A,국민임대,600,600,92.0,LH호평1단지,경기도 남양주시 늘을1로 107,1589.0,90.0,0.0,210761.0,22975892.0,0.35833333333333334,0.6416666666666667,0.0,45.0,9,0.42587549369457867,0.0
C1987,291,부산광역시,26.0,3.0,4.0,257.0,166.0,0.0,A,국민임대,291,291,100.0,괘법LH아파트,부산광역시 사상구 광장로21번길 66,722.0,103.0,0.0,385856.0,46384623.0,0.0,1.0,0.0,48.0,6,0.3727848992815887,0.0
C2479,679,경기도,13.0,0.0,2.0,615.0,647.0,0.0,A,국민임대,679,679,92.0,LH 별가람마을 1-3단지,경기도 남양주시 덕송3로 12,1679.0,93.0,0.0,268460.0,31036260.0,0.41237113402061853,0.5876288659793815,0.0,43.0,7,0.42587549369457867,0.0
C2352,1065,서울특별시,7.0,0.0,4.0,879.0,793.0,0.0,A,국민임대,1065,1065,92.0,강남LH3단지,서울특별시 강남구 자곡로3길 22,2223.0,95.0,192.0,266440.0,26451524.0,0.7032863849765258,0.29671361502347415,0.0,38.0,10,0.3661614627627259,0.18028169014084508
C1310,1037,강원도,17.0,0.0,6.0,936.0,1084.0,0.0,A,국민임대,1037,1037,85.0,춘천장학LH아파트,강원도 춘천시 동면 소양강로 100,2067.0,86.0,0.0,140237.0,16826541.0,0.7521697203471552,0.24783027965284474,0.0,42.0,9,0.40053650767038274,0.0
C1738,715,경상남도,13.0,0.0,3.0,582.0,682.0,0.0,A,국민임대,715,715,92.0,밀양내이아파트,경상남도 밀양시 창밀로 3535,1406.0,93.0,0.0,120312.0,15089555.0,0.6713286713286714,0.32867132867132864,0.0,41.0,4,0.4007868525896411,0.0
C1039,790,서울특별시,13.0,0.0,3.0,673.0,645.0,0.0,A,국민임대,790,790,,엘에이치 서초 3단지,서울특별시 서초구 양재대로2길 34,2224.0,91.0,100.0,180893.0,83295768.0,0.4088607594936709,0.5911392405063292,0.0,44.0,11,0.3661614627627259,0.12658227848101267
C1863,1099,충청북도,24.0,0.0,4.0,1154.0,733.0,0.0,A,국민임대,1099,1099,92.0,청주율량2 LH 2단지,충청북도 청주시 청원구 율량로 47,2460.0,93.0,0.0,156322.0,18940627.0,0.5996360327570519,0.40036396724294815,0.0,41.0,8,0.4093640981700224,0.0
C1426,374,경상북도,2.0,0.0,2.0,321.0,262.0,0.0,A,국민임대,374,374,,영주가흥4단지아파트,경상북도 영주시 가흥로 345-27,941.0,91.0,0.0,172430.0,15494674.0,0.5721925133689839,0.42780748663101603,0.0,41.0,5,0.3953120921094209,0.0
C2659,504,경기도,3.0,1.0,3.0,438.0,365.0,0.0,A,국민임대,504,504,,삼성마을LH1단지,경기도 군포시 삼성로 79,1153.0,121.75212871075351,90.0,227272.0,23455864.0,0.7817460317460317,0.21825396825396826,0.0,36.0,11,0.42587549369457867,0.17857142857142858
C2489,1128,부산광역시,36.0,0.0,4.0,951.0,950.0,0.0,A,국민임대,1128,1128,93.0,부산정관 5단지(A-19BL),부산광역시 기장군 정관읍 산단2로 60,2663.0,95.0,0.0,285393.0,23592769.0,0.0,1.0,0.0,51.0,3,0.3727848992815887,0.0
C2211,304,전라남도,4.0,0.0,1.0,230.0,244.0,0.0,A,국민임대,304,304,88.0,해남해리아파트,전라남도 해남군 해남읍 교육청길 41,659.0,89.0,0.0,89997.0,9687474.0,0.881578947368421,0.11842105263157894,0.0,38.0,3,0.4056767907739719,0.0
C2314,600,대전광역시,13.0,0.0,2.0,360.0,343.0,0.0,A,국민임대,600,600,70.0,대전노은(3)지구 1단지,대전광역시 유성구 지족로190번길 15,864.0,72.0,260.0,133805.0,12589446.0,0.88,0.12,0.0,32.0,7,0.4171733404019149,0.43333333333333335
C1861,690,전라북도,16.0,0.0,3.0,652.0,613.0,0.0,A,국민임대,690,690,77.0,전북혁신 엘에이치 10단지,전라북도 완주군 이서면 갈산1로 12,1392.0,77.0,0.0,164143.0,12156136.0,0.5855072463768116,0.4144927536231884,0.0,37.0,4,0.3846965003624857,0.0
C2389,690,충청북도,21.0,0.0,3.0,694.0,561.0,0.0,A,국민임대,690,690,,음성금석아파트,충청북도 음성군 금왕읍 대금로 1557-13,1429.0,81.0,0.0,108324.0,13077978.0,0.5434782608695652,0.45652173913043476,0.0,40.0,6,0.4093640981700224,0.0
C1490,749,충청북도,24.0,0.0,3.0,759.0,899.0,0.0,A,공공임대(10년),655,655,78.0,천년나무7단지,충청북도 진천군 덕산읍 연미로 131,2209.0,78.0,0.0,401757.0,33664603.0,0.0,0.21495327102803738,0.6595460614152203,83.0,4,0.4093640981700224,0.0
C1024,680,서울특별시,2.0,0.0,3.0,877.0,957.0,0.0,A,공공임대(10년),477,477,,서울강남 A7BL (LH강남아이파크),서울특별시 강남구 자곡로 175,2075.0,81.0,0.0,879892.0,91863846.0,0.0,0.538235294117647,0.16323529411764706,72.0,10,0.3661614627627259,0.0
C1788,376,경상남도,28.0,0.0,3.0,380.0,412.0,0.0,A,공공임대(10년),376,376,67.0,거제하청 10년 공공임대,경상남도 거제시 하청면 거제북로 554,935.0,69.0,0.0,374575.0,33840426.0,0.0,1.0,0.0,57.0,2,0.4007868525896411,0.0
C1740,783,경상북도,29.0,0.0,6.0,978.0,979.0,0.0,A,공공임대(10년),467,467,,포항금호어울림,경상북도 포항시 북구 우창동로 157,265.0,151.0,0.0,474094.0,34605140.0,0.0,0.49680715197956576,0.09961685823754789,68.0,4,0.3953120921094209,0.0
C2620,1029,전라남도,28.0,0.0,6.0,1061.0,1709.0,0.0,A,공공임대(10년),906,906,,빛가람LH3,전라남도 나주시 그린로 154,2364.0,82.0,0.0,534918.0,31442211.0,0.0,0.5063168124392614,0.3741496598639456,75.0,5,0.4056767907739719,0.0
C1286,919,전라남도,27.0,0.0,2.0,988.0,881.0,0.0,A,공공임대(10년),919,919,,빛가람1단지,전라남도 나주시 그린로 63,2356.0,77.0,0.0,578509.0,33945049.0,0.0,0.2089227421109902,0.7910772578890098,84.0,3,0.4056767907739719,0.0
C1089,368,전라남도,14.0,0.0,2.0,285.0,309.0,0.0,A,국민임대,368,368,85.0,"보성회정(전남,주1) 1단지",전라남도 보성군 벌교읍 못골길 12,828.0,85.0,0.0,100419.0,11091478.0,0.625,0.375,0.0,42.0,6,0.4056767907739719,0.0
C2237,70,충청남도,7.0,0.0,2.0,50.0,55.0,0.0,A,국민임대,70,70,96.0,성주자연숲빌리지,충청남도 보령시 성주면 화장골길 130,123.0,96.0,0.0,62653.0,9183657.0,0.8857142857142857,0.11428571428571428,0.0,37.0,3,0.4115356667900572,0.0
C1341,922,광주광역시,7.0,0.0,1.0,731.0,442.0,0.0,A,국민임대,922,922,,LH 천년나무 1단지,광주광역시 남구 효우로 262,1484.0,81.0,250.0,152060.0,14124980.0,0.8308026030368764,0.16919739696312364,0.0,34.0,9,0.41754416938850125,0.27114967462039047
C1338,622,부산광역시,13.0,1.0,3.0,551.0,551.0,0.0,A,국민임대,622,622,80.0,"부산감전(06,주6) 1단지",부산광역시 사상구 백양대로 539,1491.0,97.0,0.0,226096.0,27136820.0,0.0,1.0,0.0,46.0,10,0.3727848992815887,0.0
C2405,600,경상남도,22.0,0.0,8.0,728.0,1240.0,0.0,A,공공임대(10년),284,284,,경남혁신도시 5단지,경상남도 진주시 충의로 67,1904.0,81.0,0.0,624577.0,41707711.0,0.0,0.17,0.30333333333333334,81.0,3,0.4007868525896411,0.0
C1969,1366,대구광역시,29.0,0.0,2.0,1192.0,886.0,0.0,A,국민임대,1366,1366,76.0,대구옥포 천년나무2단지,대구광역시 달성군 옥포읍 돌미로 51,2192.0,79.0,180.0,175736.0,13017892.0,0.8038067349926794,0.19619326500732065,0.0,38.0,6,0.41663200297742825,0.13177159590043924
C2274,1122,충청북도,34.0,0.0,3.0,1182.0,713.0,0.0,A,국민임대,1122,1122,80.0,청주율량2 LH9단지,충청북도 청주시 청원구 율중로7번길 77,2240.0,80.0,0.0,148400.0,17727262.0,0.661319073083779,0.33868092691622104,0.0,39.0,7,0.4093640981700224,0.0
C1699,752,경기도,7.0,0.0,7.0,680.0,606.0,0.0,A,국민임대,752,752,79.0,별빛마을 3-5단지,경기도 남양주시 별내4로 62,1604.0,81.0,0.0,263969.0,29343168.0,0.5824468085106383,0.4175531914893617,0.0,42.0,7,0.42587549369457867,0.0
C2251,886,경기도,16.0,0.0,3.0,809.0,870.0,0.0,H,국민임대,886,886,80.0,별사랑마을 2-10단지,경기도 남양주시 별내3로 251,2157.0,82.0,0.0,260216.0,31167604.0,0.35665914221218964,0.6433408577878104,0.0,44.0,11,0.42587549369457867,0.0
C1340,552,전라북도,21.0,0.0,3.0,523.0,410.0,0.0,A,국민임대,552,552,69.0,전북혁신 9단지,전라북도 완주군 이서면 갈산1로 72,1045.0,69.0,0.0,185104.0,11754536.0,0.7101449275362319,0.2898550724637681,0.0,38.0,5,0.3846965003624857,0.0
C2373,850,제주특별자치도,9.0,0.0,5.0,948.0,800.0,0.0,A,국민임대,850,850,67.0,제주삼화 LH아파트 3단지,제주특별자치도 제주시 화삼로 110,2223.0,69.0,0.0,216273.0,19647964.0,0.5788235294117647,0.4211764705882353,0.0,42.0,6,0.3765596236449168,0.0
C1455,432,강원도,2.0,0.0,5.0,349.0,420.0,0.0,A,국민임대,432,432,27.0,속초조양 LH천년나무3단지,강원도 속초시 온정로 23,914.0,65.0,0.0,176163.0,10792195.0,0.6203703703703703,0.37962962962962965,0.0,38.0,3,0.40053650767038274,0.0
C2137,960,경상북도,30.0,0.0,8.0,876.0,752.0,0.0,A,국민임대,960,960,71.0,포항장량 천년나무 6단지,경상북도 포항시 북구 장량중앙로100번길 1,1694.0,72.0,0.0,127974.0,55213813.0,0.5625,0.4375,0.0,40.0,3,0.3953120921094209,0.0
C1985,874,전라남도,28.0,0.0,4.0,722.0,630.0,0.0,A,국민임대,874,874,68.0,광주전남혁신(A-3BL) 5단지,전라남도 나주시 월정3길 17,1573.2,68.0,0.0,223210.0,16119686.0,0.4302059496567506,0.5697940503432495,0.0,45.0,4,0.4056767907739719,0.0
C2583,1106,대전광역시,21.0,0.0,2.0,752.0,982.0,0.0,A,국민임대,1106,1106,66.0,"대전관저5(05,국민,GB) 1단지",대전광역시 서구 구봉산북로 212,1832.0,66.0,240.0,176995.0,12732234.0,0.8698010849909584,0.1301989150090416,0.0,35.0,11,0.4171733404019149,0.21699819168173598
C2663,772,경기도,14.0,0.0,3.0,700.0,652.0,0.0,H,국민임대,772,772,74.0,별사랑마을 2-7단지,경기도 남양주시 별내3로 159,1814.0,76.0,0.0,275356.0,31629859.0,0.43005181347150256,0.5699481865284974,0.0,42.0,6,0.42587549369457867,0.0
C2450,483,경기도,8.0,0.0,5.0,437.0,451.0,0.0,H,국민임대,483,483,74.0,별사랑마을 2-9단지,경기도 남양주시 별내3로 114,1071.0,76.0,0.0,276085.0,29685961.0,0.5424430641821946,0.4575569358178054,0.0,41.0,6,0.42587549369457867,0.0
C2329,1028,대구광역시,24.0,0.0,5.0,973.0,821.0,0.0,A,국민임대,1028,1028,64.0,대구신서 LH천년나무 6단지(A-2),대구광역시 동구 과학로 23,1978.0,65.0,0.0,250172.0,17039444.0,0.7354085603112841,0.26459143968871596,0.0,38.0,4,0.41663200297742825,0.0
C1834,326,강원도,4.0,0.0,1.0,268.0,255.0,0.0,A,국민임대,326,326,61.0,태백소도,강원도 태백시 소도길 59,681.0,61.0,0.0,154911.0,10482031.0,0.6503067484662577,0.3496932515337423,0.0,41.0,3,0.40053650767038274,0.0
C1848,532,광주광역시,9.0,0.0,3.0,660.0,625.0,0.0,A,공공임대(10년),532,532,62.0,광주효천2 천년나무 6단지,광주광역시 남구 효우2로 90,1262.0,62.0,0.0,494981.0,38621650.0,0.0,1.0,0.0,58.0,5,0.41754416938850125,0.0
C1743,791,대구광역시,16.0,1.0,1.0,944.0,1653.0,0.0,A,공공임대(10년),791,791,64.0,대구옥포LH천년나무3단지,대구광역시 달성군 옥포읍 돌미로2길 15,2173.0,64.0,0.0,518471.0,39911504.0,0.0,0.7876106194690266,0.21238938053097345,73.0,7,0.41663200297742825,0.0
C1350,1401,대전광역시,2.0,0.0,6.0,1636.0,2315.0,0.0,D,공공분양,1401,690,,관저 LH다온숲 3단지,대전광역시 서구 구봉산북로 165,1969.0,60.0,0.0,153541.0,23266692.0,0.0,0.8322626695217702,0.16773733047822983,68.0,13,0.4171733404019149,0.0
C1402,344,충청북도,16.0,0.0,2.0,344.0,498.0,0.0,A,공공임대(10년),344,344,68.0,충주안림 LH천년나무1단지,충청북도 충주시 봉현로 365,1061.0,69.0,0.0,480697.0,48244187.0,0.0,0.5988372093023255,0.4011627906976744,74.0,5,0.4093640981700224,0.0
C1103,935,강원도,31.0,0.0,2.0,939.0,787.0,0.0,A,국민임대,935,935,66.0,강원혁신A-1블 푸른숨 10단지 국민임대,강원도 원주시 혁신로 350,1664.0,66.0,0.0,211857.0,14811838.0,0.5358288770053476,0.4641711229946524,0.0,40.0,4,0.40053650767038274,0.0
C1129,1444,경기도,2.0,1.0,10.0,1275.0,1668.0,0.0,A,공공임대(10년),1444,1444,56.0,구리갈매 이스트힐,경기도 구리시 갈매중앙로 132,4022.0,59.0,0.0,498584.0,49310527.0,0.0,1.0,0.0,56.0,8,0.42587549369457867,0.0
C1027,452,경상남도,21.0,0.0,5.0,461.0,207.0,0.0,A,국민임대,452,452,64.0,양산신도시  LH 2단지,경상남도 양산시 물금읍 물금2길 50,902.0,64.0,0.0,254988.0,19396279.0,0.5796460176991151,0.42035398230088494,0.0,40.0,5,0.4007868525896411,0.0
C2377,1105,경상남도,22.0,0.0,3.0,1110.0,579.0,0.0,A,국민임대,1105,1105,64.0,양산신도시 LH 1단지,경상남도 양산시 물금읍 청운로 41,1933.0,64.0,0.0,252128.0,19042976.0,0.7004524886877828,0.2995475113122172,0.0,40.0,6,0.4007868525896411,0.0
C2661,354,제주특별자치도,12.0,0.0,6.0,297.0,330.0,0.0,A,국민임대,354,354,65.0,서귀포남원 LH아파트,제주특별자치도 서귀포시 남원읍 남원체육관로 342,706.0,65.0,0.0,180143.0,12626843.0,0.7062146892655368,0.2937853107344633,0.0,36.0,3,0.3765596236449168,0.0
C1263,268,충청북도,4.0,0.0,5.0,214.0,217.0,0.0,A,국민임대,268,268,68.0,제천강저4단지,충청북도 제천시 청풍호로7길 40,552.0,69.0,0.0,130981.0,8841016.0,0.7761194029850746,0.22388059701492538,0.0,36.0,5,0.4093640981700224,0.0
C1136,984,경기도,31.0,0.0,19.0,865.0,763.0,0.0,A,국민임대,984,984,3.0,배꽃마을 4단지,경기도 평택시 비전2로 110,1933.0,3.0,0.0,137800.0,61508072.0,0.6016260162601627,0.3983739837398374,0.0,39.0,4,0.42587549369457867,0.0
C2605,624,강원도,6.0,0.0,3.0,535.0,572.0,0.0,A,국민임대,624,624,58.0,강릉회산2,강원도 강릉시 강변로 58,1237.0,58.0,0.0,206378.0,18127955.0,0.7211538461538461,0.27884615384615385,0.0,43.0,3,0.40053650767038274,0.0
C2393,1546,경기도,1.0,1.0,2.0,1176.0,922.0,0.0,H,국민임대,1546,1546,60.0,"구리갈매(09,보금4) 1단지",경기도 구리시 갈매순환로 143,2896.0,40.0,380.0,196544.0,20368137.0,0.8163001293661061,0.18369987063389392,0.0,36.0,13,0.42587549369457867,0.24579560155239327
C1673,640,충청북도,22.0,0.0,1.0,549.0,526.0,0.0,A,국민임대,640,640,65.0,"증평송산(국민,2) 3단지",충청북도 증평군 증평읍 송산로4길 14,1093.0,67.0,0.0,163839.0,12062281.0,0.71875,0.28125,0.0,38.0,5,0.4093640981700224,0.0
C1017,1460,대전광역시,27.0,0.0,2.0,1534.0,1246.0,0.0,A,국민임대,1460,1460,56.0,대전도안서남부(01.택) 11단지,대전광역시 유성구 봉명로 16,2682.0,56.0,0.0,240705.0,21237784.0,0.6191780821917808,0.38082191780821917,0.0,39.0,3,0.4171733404019149,0.0
C2539,396,충청남도,8.0,0.0,2.0,237.0,228.0,0.0,A,국민임대,396,396,60.0,"부여규암(07,주1) 1단지",충청남도 부여군 규암면 내동로 26,734.0,60.0,58.0,117209.0,14218949.0,0.8484848484848485,0.15151515151515152,0.0,35.0,6,0.4115356667900572,0.14646464646464646
C1933,1022,광주광역시,8.0,0.0,3.0,1202.0,1730.0,0.0,A,공공임대(10년),1022,1022,47.0,광주선운3(공임리츠),광주광역시 광산구 선운로 65,2764.0,48.0,0.0,543130.0,38469669.0,0.0,1.0,0.0,70.0,6,0.41754416938850125,0.0
C2316,1126,대구광역시,36.0,0.0,4.0,983.0,712.0,0.0,A,국민임대,1126,1126,64.0,LH 천년나무 2단지,대구광역시 달성군 현풍읍 테크노북로2길 30,1802.0,64.0,0.0,195695.0,11383380.0,0.783303730017762,0.216696269982238,0.0,37.0,4,0.41663200297742825,0.0
C2414,924,충청북도,13.0,0.0,4.0,986.0,1200.0,0.0,A,공공임대(10년),924,924,49.0,천년나무4단지,충청북도 진천군 덕산읍 연미로 87,2405.0,50.0,0.0,270660.0,30709000.0,0.0,1.0,0.0,60.0,4,0.4093640981700224,0.0
C1301,340,대구광역시,19.0,0.0,4.0,320.0,202.0,0.0,A,국민임대,340,340,56.0,대구신서혁신 LH천년나무 13단지(A-5),대구광역시 동구 초례로 66,446.0,57.0,0.0,163923.0,12292118.0,1.0,0.0,0.0,32.0,3,0.41663200297742825,0.0
C1700,922,대구광역시,39.0,0.0,2.0,804.0,979.0,0.0,A,공공임대(10년),922,922,45.0,대구테크노폴리스 4단지(10년공임),대구광역시 달성군 유가읍 테크노상업로 111,2056.0,46.0,0.0,398980.0,25036877.0,0.0,1.0,0.0,54.0,3,0.41663200297742825,0.0
C1636,632,경기도,7.0,0.0,20.0,750.0,946.0,0.0,A,공공임대(10년),632,632,48.0,평택소사벌 B-2BL(공임리츠),경기도 평택시 비전4로 175,776.0,50.0,0.0,621899.0,76765823.0,0.0,0.20253164556962025,0.7974683544303798,82.0,4,0.42587549369457867,0.0
C2612,1684,세종특별자치시,27.0,0.0,2.0,1689.0,1832.0,0.0,A,국민임대,1684,1684,56.0,가재마을 1단지,세종특별자치시 도움1로 145,4442.0,56.0,0.0,193196.0,14919597.0,0.7731591448931117,0.22684085510688837,0.0,36.0,4,0.46844836243932353,0.0
C1757,794,부산광역시,13.0,2.0,4.0,676.0,508.0,0.0,A,국민임대,794,794,,부산전포아파트,부산광역시 부산진구 중앙대로 862,1565.0,59.0,0.0,249556.0,25987227.0,0.7455919395465995,0.25440806045340053,0.0,39.0,4,0.3727848992815887,0.0
C2507,1454,경기도,4.0,0.0,4.0,880.0,763.0,0.0,A,국민임대,1454,1454,,부천옥길 LH 1단지,경기도 부천시 양지로 134,2277.0,57.0,538.0,162088.0,15531239.0,0.8885832187070152,0.11141678129298486,0.0,34.0,18,0.42587549369457867,0.3700137551581843
C1163,316,경상북도,20.0,0.0,2.0,239.0,326.0,0.0,A,국민임대,316,316,,상주함창 A-1BL 국민임대,경상북도 상주시 함창읍 함령길 138,539.0,60.0,0.0,198803.0,10917266.0,0.8354430379746836,0.16455696202531644,0.0,36.0,3,0.3953120921094209,0.0
C2627,580,전라남도,18.0,0.0,2.0,378.0,404.0,0.0,A,국민임대,580,580,,"담양백동2(07,국민+영구)",전라남도 담양군 담양읍 미리산길 46,975.0,57.0,120.0,121930.0,10254245.0,0.7034482758620689,0.296551724137931,0.0,35.0,6,0.4056767907739719,0.20689655172413793
C2040,198,충청북도,11.0,0.0,2.0,200.0,336.0,0.0,A,공공임대(10년),198,198,50.0,충주안림 LH천년나무 2단지,충청북도 충주시 월촌5길 12,583.0,52.0,0.0,540606.0,55575758.0,0.0,0.24242424242424243,0.7575757575757576,82.0,2,0.4093640981700224,0.0
C2609,556,제주특별자치도,17.0,0.0,2.0,490.0,555.0,0.0,A,국민임대,556,556,54.0,서귀포강정LH아파트,제주특별자치도 서귀포시 대청로25번길 9,1126.0,54.0,0.0,204462.0,14397799.0,0.6402877697841727,0.3597122302158273,0.0,35.0,3,0.3765596236449168,0.0
C2001,540,경기도,10.0,0.0,8.0,500.0,417.0,0.0,H,국민임대,540,540,,안성아양1단지,경기도 안성시 아양로 52,992.0,56.0,0.0,160700.0,14871852.0,0.725925925925926,0.2740740740740741,0.0,36.0,5,0.42587549369457867,0.0
C1065,938,경상북도,37.0,0.0,3.0,1117.0,1255.0,0.0,H,국민임대,938,938,53.0,경북김천혁신 Aa-1BL 국민임대주택,경상북도 김천시 해오름1로 17,1401.0,56.0,0.0,194887.0,14613041.0,0.5863539445628998,0.4136460554371002,0.0,37.0,3,0.3953120921094209,0.0
C1363,2568,경기도,11.0,0.0,6.0,1798.0,2550.0,0.0,H,국민임대,2568,2568,61.0,위례35단지 아파트,경기도 성남시 수정구 위례광장로 311,5841.0,61.0,550.0,196368.0,27705529.0,0.7219626168224299,0.2780373831775701,0.0,36.0,14,0.42587549369457867,0.21417445482866043
C2579,1058,경기도,16.0,0.0,4.0,956.0,751.0,0.0,H,국민임대,1058,1058,,남양주미리내마을4-2단지,경기도 남양주시 별내4로 25,1942.0,56.0,0.0,215035.0,28010896.0,0.7958412098298677,0.20415879017013233,0.0,35.0,6,0.42587549369457867,0.0
C1048,368,경기도,15.0,0.0,3.0,333.0,243.0,0.0,H,국민임대,368,368,54.0,미리내마을4-3단지,경기도 남양주시 별내4로 7,631.0,48.0,0.0,217157.0,26719869.0,0.8260869565217391,0.17391304347826086,0.0,34.0,3,0.42587549369457867,0.0
C1210,1088,대구광역시,39.0,0.0,4.0,773.0,586.0,0.0,J,행복주택,1088,1088,81.0,대구신서혁신 LH천년나무10단지(A-3),대구광역시 동구 메디밸리로 18,1804.0,56.0,1088.0,137524.0,25390294.0,1.0,0.0,0.0,28.0,5,0.41663200297742825,1.0
C1320,1696,경상남도,35.0,0.0,4.0,1648.0,924.0,0.0,H,국민임대,1696,1696,,김해진영 휴먼시아 6단지,경상남도 김해시 진영읍 김해대로 463,2474.0,51.0,0.0,195103.0,12027264.0,0.7924528301886793,0.20754716981132076,0.0,35.0,4,0.4007868525896411,0.0
C1941,404,경상남도,19.0,0.0,3.0,490.0,600.0,0.0,A,공공임대(10년),404,404,,혁신도시 엔에이치에프 10단지,경상남도 진주시 에나로228번길 10,1070.0,43.0,0.0,627080.0,47287999.0,0.0,0.0,1.0,84.0,4,0.4007868525896411,0.0
C1326,1934,부산광역시,43.0,0.0,4.0,1670.0,1153.0,0.0,H,국민임대,1934,1934,,부산정관 7단지(A-1BL),부산광역시 기장군 정관읍 모전로 41,2411.0,48.0,0.0,0.0,0.0,0.8428128231644261,0.15718717683557393,0.0,31.0,5,0.3727848992815887,0.0
C1685,295,충청북도,28.0,0.0,1.0,167.0,164.0,0.0,K,행복주택,295,295,,충주첨단 행복주택,충청북도 충주시 대소원면 첨단쉼터8길 19,255.0,55.0,295.0,43068.0,34672774.0,0.9728813559322034,0.02711864406779661,0.0,27.0,9,0.4093640981700224,1.0
C2618,1550,경기도,40.0,0.0,7.0,1319.0,783.0,0.0,E,국민임대,1550,1550,,옥정천년나무8단지,경기도 양주시 옥정동로 258,2289.0,51.0,344.0,97520.0,54853573.0,0.7625806451612903,0.23741935483870968,0.0,34.0,5,0.42587549369457867,0.22193548387096773
C1451,1618,경기도,38.0,0.0,3.0,1382.0,1044.0,0.0,E,국민임대,1618,1618,49.0,옥정천년나무16단지,경기도 양주시 회천남로 115,2284.0,51.0,234.0,101339.0,52999741.0,0.8121137206427689,0.18788627935723115,0.0,33.0,5,0.42587549369457867,0.1446229913473424
C2143,363,강원도,2.0,0.0,2.0,434.0,719.0,0.0,A,공공임대(10년),363,363,,강릉미디어촌7,강원도 강릉시 선수촌로 36,1037.0,33.0,0.0,548422.0,41524970.0,0.0,0.48484848484848486,0.5151515151515151,80.0,4,0.40053650767038274,0.0
C1968,514,강원도,0.0,0.0,3.0,309.0,220.0,0.0,A,국민임대,514,514,45.0,원주태장5 국민임대주택,강원도 원주시 치악로 2050,621.0,45.0,148.0,113569.0,10385594.0,0.8988326848249028,0.10116731517509728,0.0,30.0,5,0.40053650767038274,0.28793774319066145
C2470,636,대전광역시,1.0,1.0,2.0,772.0,887.0,0.0,A,공공임대(5년),406,406,,이스트시티,대전광역시 동구 동대전로46번길 120,756.0,33.0,0.0,381872.0,25970444.0,0.1509433962264151,0.48742138364779874,0.0,46.0,3,0.4171733404019149,0.0
C1258,840,경상남도,0.0,0.0,3.0,658.0,616.0,0.0,H,국민임대,840,840,40.0,창원자은3 LH천년나무,경상남도 창원시 진해구 냉천로 192,1348.0,44.0,140.0,154581.0,15443808.0,0.8690476190476191,0.13095238095238096,0.0,34.0,6,0.4007868525896411,0.16666666666666666
C2453,659,경기도,7.0,2.0,3.0,573.0,559.0,0.0,H,국민임대,658,658,46.0,성남여수1,경기도 성남시 중원구 둔촌대로63번길 11,1315.0,46.0,124.0,196100.0,27940113.0,0.8012139605462822,0.19726858877086495,0.0,33.0,7,0.42587549369457867,0.18816388467374812
C1659,902,광주광역시,32.0,0.0,2.0,635.0,416.0,0.0,N,행복주택,902,902,,효천LH천년나무7단지,광주광역시 남구 행암길 9,1110.0,46.0,902.0,137517.0,24267765.0,0.9334811529933481,0.06651884700665188,0.0,29.0,13,0.41754416938850125,1.0
C1724,1256,경상남도,1.0,0.0,6.0,878.0,701.0,0.0,L,행복주택,1256,1256,,혁신도시 LH아파트 3단지,경상남도 진주시 대밭골로 91,1651.0,39.0,1046.0,128449.0,21461490.0,1.0,0.0,0.0,28.0,10,0.4007868525896411,0.8328025477707006
C1802,1438,세종특별자치시,3.0,0.0,2.0,1500.0,1983.0,0.0,A,공공임대(10년),1438,1438,,해들마을 5단지,세종특별자치시 대평로 56,2338.0,30.0,0.0,469527.0,42905424.0,0.0,1.0,0.0,60.0,11,0.46844836243932353,0.0
C1939,2334,경기도,13.0,0.0,3.0,1713.0,1896.0,0.0,H,국민임대,2334,2334,48.0,위례A2-1BL,경기도 성남시 수정구 위례순환로 17,5390.0,48.0,0.0,201531.0,33306510.0,0.7172236503856041,0.2827763496143959,0.0,34.0,9,0.42587549369457867,0.0
C1284,528,경상남도,0.0,0.0,5.0,543.0,780.0,0.0,A,공공임대(10년),528,528,,NHF 창원대산1,경상남도 창원시 의창구 대산면 주남로 514,1306.0,35.0,0.0,185040.0,32896000.0,0.0,1.0,0.0,60.0,2,0.4007868525896411,0.0
C2595,867,경상남도,2.0,0.0,5.0,897.0,1359.0,0.0,A,공공임대(10년),867,867,,센트럴빌리지(리츠9호),경상남도 창원시 진해구 냉천로 189,2278.0,31.0,0.0,459435.0,39981546.0,0.0,0.9215686274509803,0.0784313725490196,64.0,5,0.4007868525896411,0.0
C2351,542,경기도,6.0,0.0,4.0,542.0,646.0,0.0,A,공공임대(10년),542,542,,군포송정 A2블록,경기도 군포시 송부로96번길 30,1456.0,31.0,0.0,428524.0,45136531.0,0.0,1.0,0.0,56.0,5,0.42587549369457867,0.0
C2506,1124,대구광역시,14.0,0.0,3.0,1201.0,1433.0,0.0,A,공공임대(10년),1124,1124,,수목원호정포레스트,대구광역시 달서구 갈밭남로 17,2823.0,30.0,0.0,462813.0,43293596.0,0.0,0.9288256227758007,0.0711743772241993,60.0,17,0.41663200297742825,0.0
C1697,526,경기도,4.0,0.0,3.0,727.0,854.0,0.0,A,공공임대(10년),526,526,,양주옥정 A-21(1)(공임리츠),경기도 양주시 옥정동로 106,1490.0,31.0,0.0,376997.0,69798480.0,0.0,0.43346007604562736,0.5665399239543726,80.0,6,0.42587549369457867,0.0
C2259,947,경기도,5.0,0.0,2.0,1306.0,1378.0,0.0,A,공공임대(10년),947,947,,양주옥정 A-21(2)(공임리츠),경기도 양주시 옥정동로 104,2896.0,31.0,0.0,377076.0,69829989.0,0.0,0.43083421330517424,0.5691657866948258,80.0,6,0.42587549369457867,0.0
C1786,480,강원도,25.0,0.0,3.0,338.0,345.0,0.0,K,행복주택,480,480,,춘천거두2 행복주택,강원도 춘천시 동내면 거두택지길 70,658.0,41.0,480.0,27822.0,5857333.0,1.0,0.0,0.0,25.0,5,0.40053650767038274,1.0
C1357,908,부산광역시,27.0,0.0,1.0,1001.0,995.0,0.0,A,공공임대(10년),908,908,,부산명지 B8블록,부산광역시 강서구 명지국제5로 165,2583.0,31.0,0.0,561719.0,59176212.0,0.0,0.8325991189427313,0.16740088105726872,77.0,4,0.3727848992815887,0.0
C2570,450,전라남도,14.0,0.0,2.0,318.0,205.0,0.0,N,행복주택,450,450,,목포용해2 6-1BL,전라남도 목포시 연산백련로1번길 51,643.0,46.0,450.0,86030.0,15699236.0,1.0,0.0,0.0,26.0,8,0.4056767907739719,1.0
C1652,890,서울특별시,20.0,1.0,8.0,423.0,509.0,0.0,J,행복주택,890,890,,서울오류 행복주택,서울특별시 구로구 경인로20가길 68,1566.0,42.0,890.0,239407.0,71822921.0,0.849438202247191,0.15056179775280898,0.0,31.0,12,0.3661614627627259,1.0
C1565,1020,대구광역시,42.0,0.0,3.0,719.0,588.0,0.0,J,행복주택,1020,1020,50.0,대구테크노폴리스 LH천년나무3단지,대구광역시 달성군 현풍읍 테크노북로4길 27,1312.0,53.0,1020.0,98153.0,19630510.0,1.0,0.0,0.0,27.0,4,0.41663200297742825,1.0
C1910,616,전라북도,21.0,0.0,2.0,350.0,396.0,0.0,J,행복주택,612,612,,익산인화 행복주택,전라북도 익산시 목천로 320,815.0,45.0,612.0,116648.0,19441568.0,0.9935064935064936,0.0,0.0,27.0,10,0.3846965003624857,0.9935064935064936
C2359,820,전라남도,9.0,0.0,3.0,629.0,693.0,0.0,H,국민임대,820,820,44.0,순천선평3(국민+영구),전라남도 순천시 서면 선평동선길 36,1246.0,46.0,284.0,107795.0,9498068.0,0.8536585365853658,0.14634146341463414,0.0,31.0,5,0.4056767907739719,0.3463414634146341
C2139,311,경상남도,11.0,0.0,4.0,232.0,155.0,0.0,H,국민임대,306,306,,하동읍내 LH천년나무,경상남도 하동군 하동읍 군청로 24,555.0,35.0,0.0,152137.0,10816646.0,0.7909967845659164,0.19292604501607716,0.0,34.0,3,0.4007868525896411,0.0
C1979,270,경기도,17.0,0.0,4.0,183.0,133.0,0.0,L,행복주택,270,270,29.0,부천옥길 행복주택(A4BL),경기도 부천시 양지로 151,438.0,32.0,270.0,174378.0,39628757.0,1.0,0.0,0.0,26.0,9,0.42587549369457867,1.0
C1803,100,울산광역시,13.0,0.0,2.0,57.0,78.0,0.0,J,행복주택,100,100,,울산남구(행복),울산광역시 남구 여천로12번길 50,124.0,29.0,100.0,163757.0,34416000.0,1.0,0.0,0.0,27.0,10,0.38280531639220905,1.0
C2508,847,전라북도,13.0,0.0,3.0,496.0,568.0,0.0,H,국민임대,842,842,28.0,전주반월(2)지구 국민임대,전라북도 전주시 덕진구 혁신로 665,1112.0,29.0,296.0,115409.0,13095563.0,0.885478158205431,0.10861865407319952,0.0,31.0,7,0.3846965003624857,0.34946871310507677
C2531,540,제주특별자치도,22.0,0.0,6.0,397.0,358.0,0.0,J,행복주택,540,540,32.0,제주봉개LH아파트,제주특별자치도 제주시 번영로 528,1094.0,36.0,280.0,145170.0,21137504.0,0.8222222222222222,0.17777777777777778,0.0,32.0,6,0.3765596236449168,0.5185185185185185
C1695,203,전라남도,12.0,0.0,4.0,109.0,123.0,0.0,J,행복주택,200,200,7.0,여수수정,전라남도 여수시 이순신광장로 260,265.0,34.0,200.0,129749.0,21929600.0,0.9852216748768473,0.0,0.0,27.0,5,0.4056767907739719,0.9852216748768473
C2556,303,울산광역시,21.0,0.0,2.0,249.0,148.0,0.0,H,국민임대,300,300,28.0,웅촌,울산광역시 울주군 웅촌면 곡천검단로 159,410.0,32.0,0.0,128974.0,9353333.0,0.7656765676567657,0.22442244224422442,0.0,39.0,3,0.38280531639220905,0.0
C2086,1080,세종특별자치시,7.0,0.0,2.0,1142.0,1524.0,0.0,A,공공임대(10년),1080,1080,,가온마을9단지,세종특별자치시 다정북로 183,1603.0,23.0,0.0,510610.0,46055556.0,0.0,0.7777777777777778,0.2222222222222222,69.0,9,0.46844836243932353,0.0
C1544,442,대구광역시,10.0,0.0,2.0,533.0,713.0,0.0,A,공공임대(10년),442,442,,옥포르상트레빌,대구광역시 달성군 옥포읍 금계길 12,1179.0,22.0,0.0,480090.0,49696833.0,0.0,0.33031674208144796,0.669683257918552,82.0,3,0.41663200297742825,0.0
C2154,178,강원도,2.0,0.0,1.0,131.0,124.0,0.0,A,국민임대,178,178,32.0,양양물치,강원도 양양군 강현면 물치천로 70-17,282.0,32.0,0.0,154775.0,11114606.0,0.7865168539325843,0.21348314606741572,0.0,34.0,4,0.40053650767038274,0.0
C2496,818,전라북도,0.0,0.0,3.0,995.0,1400.0,0.0,A,공공임대(10년),818,818,,전주효천 A3블록,전라북도 전주시 완산구 효천중앙로 50,2100.0,20.0,0.0,576210.0,66242053.0,0.0,0.22982885085574573,0.7701711491442543,82.0,4,0.3846965003624857,0.0
C1756,404,울산광역시,1.0,0.0,3.0,486.0,609.0,0.0,A,공공임대(10년),404,404,,울산송정하우스디,울산광역시 북구 화산로 140,695.0,20.0,0.0,619999.0,54999999.0,0.0,0.0,1.0,84.0,4,0.38280531639220905,0.0
C2362,1509,경기도,46.0,0.0,2.0,1055.0,196.0,0.0,J,행복주택,1500,1500,33.0,양주옥정3단지,경기도 양주시 옥정서로 254,1618.0,48.0,1500.0,103467.0,24534667.0,0.9940357852882704,0.0,0.0,29.0,14,0.42587549369457867,0.9940357852882704
C2568,412,경상북도,31.0,0.0,2.0,287.0,189.0,0.0,J,행복주택,410,410,31.0,김천삼락 1블록 행복주택,경상북도 김천시 물망골길 71,555.0,33.0,410.0,90085.0,15443903.0,0.9951456310679612,0.0,0.0,28.0,5,0.3953120921094209,0.9951456310679612
C2245,212,경상남도,22.0,0.0,1.0,114.0,98.0,0.0,K,행복주택,210,210,26.0,진주문산 LH아파트,경상남도 진주시 문산읍 월아산로 1047-14,256.0,35.0,210.0,26804.0,51474071.0,0.9905660377358491,0.0,0.0,27.0,7,0.4007868525896411,0.9905660377358491
C2059,26,경기도,1.0,1.0,3.0,13.0,13.0,0.0,L,행복주택,26,26,31.0,부천중동1 행복주택,경기도 부천시 중동로 88,40.0,31.0,26.0,197308.0,47445769.0,1.0,0.0,0.0,28.0,3,0.42587549369457867,1.0
C2549,202,제주특별자치도,17.0,0.0,2.0,141.0,165.0,0.0,J,행복주택,200,200,30.0,서귀포혁신도시 LH3단지,제주특별자치도 서귀포시 서호중앙로 56-13,348.0,30.0,200.0,109140.0,25680000.0,0.9900990099009901,0.0,0.0,28.0,5,0.3765596236449168,0.9900990099009901
C1584,1227,경기도,40.0,0.0,3.0,857.0,507.0,0.0,J,행복주택,1220,1220,27.0,남양주별내 A1-2 행복주택리츠,경기도 남양주시 덕송3로 30,1540.0,31.0,1220.0,190607.0,41715344.0,0.9942950285248574,0.0,0.0,26.0,6,0.42587549369457867,0.9942950285248574
C2298,581,대전광역시,21.0,0.0,3.0,408.0,444.0,0.0,J,행복주택,578,578,25.0,대전봉산 A3BL 행복주택,대전광역시 유성구 와룡로136번길 97,647.0,27.0,578.0,130402.0,27084428.0,0.9948364888123924,0.0,0.0,28.0,5,0.4171733404019149,0.9948364888123924
C2225,1206,경상남도,49.0,0.0,3.0,842.0,448.0,0.0,K,행복주택,1200,1200,17.0,김해율하2 A3블록,경상남도 김해시 율하5로 14,769.0,28.0,1200.0,27058.0,51953782.0,0.9950248756218906,0.0,0.0,27.0,9,0.4007868525896411,0.9950248756218906
C2328,1077,충청북도,4.0,0.0,2.0,1239.0,1374.0,0.0,A,공공임대(10년),1077,1077,,청주동남A-4블록(공임리츠),충청북도 청주시 상당구 동남로 187,1938.6000000000001,8.0,0.0,378394.0,42607242.0,0.0,1.0,0.0,56.0,7,0.4093640981700224,0.0
C1045,464,강원도,13.0,0.0,2.0,288.0,266.0,0.0,H,국민임대,464,464,12.0,원주태장LH 천년나무 6단지,강원도 원주시 치악로 1989,835.2,15.0,0.0,157207.0,15628879.0,0.7629310344827587,0.23706896551724138,0.0,35.0,4,0.40053650767038274,0.0
C1207,100,광주광역시,10.0,0.0,6.0,54.0,59.0,0.0,J,행복주택,100,100,17.0,광주첨단H-1(창업지원),광주광역시 광산구 첨단중앙로152번길 6-8,81.0,17.0,100.0,137458.0,26605760.0,1.0,0.0,0.0,27.0,3,0.41754416938850125,1.0
C1970,214,광주광역시,16.0,0.0,6.0,108.0,159.0,0.0,J,행복주택,200,200,17.0,광주첨단H-3,광주광역시 광산구 임방울대로800번길 11-5,170.0,17.0,200.0,128844.0,24938320.0,0.9345794392523364,0.0,0.0,26.0,5,0.41754416938850125,0.9345794392523364
C1732,266,광주광역시,17.0,0.0,3.0,188.0,267.0,0.0,L,행복주택,264,264,16.0,광주효천1 A-3BL,광주광역시 남구 효천중앙로 35,478.8,18.0,264.0,135797.0,25866819.0,0.5939849624060151,0.39849624060150374,0.0,29.0,6,0.41754416938850125,0.9924812030075187
C2433,511,경기도,19.0,0.0,2.0,389.0,130.0,0.0,J,행복주택,508,508,13.0,양주고읍 LH13단지아파트,경기도 양주시 고읍남로 94,919.8000000000001,13.0,508.0,125091.0,28917165.0,0.9941291585127201,0.0,0.0,28.0,5,0.42587549369457867,0.9941291585127201
C1156,1004,충청북도,47.0,0.0,3.0,700.0,505.0,0.0,K,행복주택,998,998,15.0,청주동남 LH행복주택,충청북도 청주시 상당구 월운로 146,1807.2,16.0,998.0,34765.0,66756963.0,0.9940239043824701,0.0,0.0,26.0,8,0.4093640981700224,0.9940239043824701
C2142,954,울산광역시,41.0,0.0,5.0,772.0,396.0,0.0,H,국민임대,946,946,7.0,울산송정2,울산광역시 북구 박상진2로 82,1717.2,7.0,0.0,189051.0,16662478.0,0.7651991614255765,0.22641509433962265,0.0,36.0,4,0.38280531639220905,0.0
C2153,362,전라남도,20.0,0.0,3.0,345.0,280.0,0.0,H,국민임대,362,362,10.0,고흥남계 LH1단지,전라남도 고흥군 고흥읍 터미널길 17-35,651.6,12.0,0.0,190234.0,14611116.0,0.6685082872928176,0.3314917127071823,0.0,38.0,4,0.4056767907739719,0.0
C2186,924,대구광역시,0.0,0.0,8.0,664.0,744.0,0.0,H,국민임대,916,916,16.0,대구연경 LH천년나무 2단지,대구광역시 동구 연경지묘로 153,981.0,16.0,232.0,77848.0,8657373.0,0.7878787878787878,0.20346320346320346,0.0,34.0,6,0.41663200297742825,0.2510822510822511
C1176,1486,충청북도,55.0,0.0,3.0,1493.0,619.0,0.0,H,국민임대,1486,1486,11.0,청주동남A-1블록(국민임대),충청북도 청주시 상당구 호미로 137,2674.8,12.0,0.0,189160.0,20314430.0,0.5962314939434724,0.4037685060565276,0.0,41.0,8,0.4093640981700224,0.0
C2446,2200,경기도,32.0,0.0,5.0,1570.0,1204.0,0.0,N,행복주택,2200,2200,11.0,오봉산마을,경기도 의왕시 행복마을3로 18,3960.0,12.0,2200.0,202088.0,48501818.0,0.7018181818181818,0.29818181818181816,0.0,34.0,12,0.42587549369457867,1.0
C2586,90,제주특별자치도,7.0,0.0,3.0,66.0,57.0,0.0,J,행복주택,90,90,10.0,서귀포서홍행복주택,제주특별자치도 서귀포시 장수로 115,162.0,13.0,90.0,122287.0,28773333.0,1.0,0.0,0.0,29.0,5,0.3765596236449168,1.0
C2035,492,강원도,24.0,0.0,1.0,521.0,246.0,0.0,A,국민임대,492,492,2.0,춘천우두 국민임대 3단지,강원도 춘천시 우두1길 40,885.6,2.0,0.0,167341.0,18201220.0,0.6341463414634146,0.36585365853658536,0.0,38.0,5,0.40053650767038274,0.0
C2020,40,부산광역시,7.0,1.0,2.0,25.0,19.0,0.0,L,행복주택,40,40,10.0,부산용호(행복주택),부산광역시 남구 동명로 183,22.0,52.0,40.0,130016.0,26900000.0,1.0,0.0,0.0,25.0,3,0.3727848992815887,1.0
C2437,90,충청북도,12.0,0.0,1.0,30.0,16.0,0.0,C,영구임대,90,90,8.0,제천청전(공공실버),충청북도 제천시 용두천로40길 28,162.0,10.0,90.0,107530.0,10346000.0,1.0,0.0,0.0,25.0,1,0.4093640981700224,1.0
C2532,239,강원도,7.0,0.0,1.0,166.0,146.0,0.0,A,국민임대,239,239,143.0,평창하진부주공아파트,강원도 평창군 진부면 경강로 3587,708.0,144.0,0.0,138835.0,13647815.0,0.0,1.0,0.0,51.0,6,0.40053650767038274,0.0
